word	method	exists	coverage	mean_dist_to_white
acorn	rembg_u2net	True	0.1799888888888889	0.09964637458324432
album	rembg_u2net	True	0.47228888888888887	0.18755120038986206
almond	rembg_u2net	True	0.7359888888888889	0.21962487697601318
aloe	rembg_u2net	True	0.3426666666666667	0.17409995198249817
amber	rembg_u2net	True	0.6571444444444444	0.49926862120628357
amplifier	rembg_u2net	True	0.21788888888888888	0.10455886274576187
anklet	FALLBACK_ORIGINAL	True	0.9999888888888889	0.5466302633285522
anteater	rembg_u2net	True	0.3037666666666667	0.19046200811862946
antelope	rembg_u2net	True	0.1556	0.07309909164905548
antenna	rembg_u2net	True	0.07007777777777778	0.05001206696033478
anvil	rembg_u2net	True	0.4116111111111111	0.22402428090572357
apron	rembg_u2net	True	0.6577666666666667	0.3450395464897156
aquarium	rembg_u2net	True	0.44075555555555557	0.23988395929336548
arm	rembg_u2net	True	0.13684444444444444	0.06709061563014984
artichoke	rembg_u2net	True	0.3360111111111111	0.23335577547550201
asparagus	rembg_u2net	True	0.7638222222222222	0.4555520713329315
avocado	rembg_u2net	True	0.3538	0.19809658825397491
backdrop	rembg_u2net	True	0.49903333333333333	0.13735342025756836
backgammon	rembg_u2net	True	0.0695111111111111	0.029079511761665344
backscratcher	rembg_u2net	True	0.08578888888888889	0.031242821365594864
bagpipe	rembg_u2net	True	0.2600777777777778	0.15866951644420624
bamboo	rembg_u2net	True	0.17427777777777778	0.08181913942098618
bandanna	rembg_u2net	True	0.1405	0.08801072835922241
banner	rembg_u2net	True	0.5498777777777778	0.12032853811979294
barrel	rembg_u2net	True	0.3619777777777778	0.25450897216796875
baseball	rembg_u2net	True	0.1207	0.0396471843123436
basil	rembg_u2net	True	0.20495555555555556	0.09907867014408112
basket	rembg_u2net	True	0.3912777777777778	0.11487971991300583
bassinet	rembg_u2net	True	0.6093777777777778	0.4342885911464691
bathtub	rembg_u2net	True	0.3987111111111111	0.1252935528755188
batter	rembg_u2net	True	0.7366666666666667	0.3304128348827362
battery	rembg_u2net	True	0.5183666666666666	0.2035958617925644
beaker	rembg_u2net	True	0.4034888888888889	0.23483461141586304
beaver	rembg_u2net	True	0.4989777777777778	0.2893224358558655
bed	rembg_u2net	True	0.32224444444444444	0.11957923322916031
bedpost	rembg_u2net	True	0.33724444444444446	0.25164929032325745
bee	rembg_u2net	True	0.1165	0.06813943386077881
binoculars	rembg_u2net	True	0.3761111111111111	0.2990152835845947
blender	rembg_u2net	True	0.2683111111111111	0.09468060731887817
blind	rembg_u2net	True	0.14501111111111112	0.02084602788090706
blower	rembg_u2net	True	0.31904444444444446	0.24028217792510986
boa	rembg_u2net	True	0.39703333333333335	0.23641154170036316
boat	rembg_u2net	True	0.3537444444444444	0.2833414375782013
bobsled	rembg_u2net	True	0.14572222222222223	0.10667508840560913
bone	rembg_u2net	True	0.17313333333333333	0.06638363748788834
bonsai	rembg_u2net	True	0.4060666666666667	0.2580249607563019
book	rembg_u2net	True	0.2190888888888889	0.06384053826332092
bookmark	rembg_u2net	True	0.18544444444444444	0.09004618972539902
bookshelf	rembg_u2net	True	0.8125666666666667	0.5114393830299377
boulder	rembg_u2net	True	0.5419444444444445	0.2666546106338501
bouquet	rembg_u2net	True	0.16382222222222223	0.0832056775689125
box	rembg_u2net	True	0.49906666666666666	0.26290515065193176
bracket	rembg_u2net	True	0.2404888888888889	0.14169396460056305
braid	rembg_u2net	True	0.6635333333333333	0.4495147466659546
brake	rembg_u2net	True	0.5979	0.32989245653152466
branch	rembg_u2net	True	0.1366888888888889	0.09072158485651016
broccoli	rembg_u2net	True	0.24373333333333333	0.11586301028728485
bubble	rembg_u2net	True	0.4427111111111111	0.24173659086227417
bucket	rembg_u2net	True	0.15991111111111111	0.09187155216932297
buffet	rembg_u2net	True	0.4417333333333333	0.1625823825597763
buggy	rembg_u2net	True	0.6121888888888889	0.32772406935691833
bulldozer	rembg_u2net	True	0.4468888888888889	0.2990988790988922
bumper	rembg_u2net	True	0.49125555555555556	0.1875915378332138
burner	rembg_u2net	True	0.30646666666666667	0.12887194752693176
butter	rembg_u2net	True	0.3516222222222222	0.1515769511461258
cabinet	FALLBACK_ORIGINAL	True	0.9859	0.2991352677345276
cable	rembg_u2net	True	0.8325666666666667	0.567852795124054
cactus	rembg_u2net	True	0.4894222222222222	0.23556222021579742
cage	rembg_u2net	True	0.2200777777777778	0.18760867416858673
cake	rembg_u2net	True	0.6059111111111111	0.3598800301551819
candle	rembg_u2net	True	0.38615555555555553	0.2848239839076996
candlestick	rembg_u2net	True	0.10224444444444444	0.05139225721359253
candy	rembg_u2net	True	0.19126666666666667	0.11635733395814896
cantaloupe	rembg_u2net	True	0.6173333333333333	0.20264099538326263
caramel	rembg_u2net	True	0.6697	0.41813915967941284
card	rembg_u2net	True	0.34934444444444446	0.172810897231102
cardigan	rembg_u2net	True	0.6137111111111111	0.5171366333961487
carousel	FALLBACK_ORIGINAL	True	0.9843222222222222	0.6227604746818542
carriage	rembg_u2net	True	0.5440777777777778	0.2052183598279953
carrot	rembg_u2net	True	0.5851333333333333	0.31626248359680176
cassette	rembg_u2net	True	0.14427777777777778	0.0658467710018158
catfish	rembg_u2net	True	0.5038777777777778	0.22934271395206451
cauliflower	rembg_u2net	True	0.4376888888888889	0.12471161782741547
cello	rembg_u2net	True	0.43514444444444444	0.240769624710083
centerpiece	rembg_u2net	True	0.44414444444444445	0.27686604857444763
cereal	rembg_u2net	True	0.5072666666666666	0.1573350429534912
chalk	rembg_u2net	True	0.30423333333333336	0.11732997000217438
charcoal	rembg_u2net	True	0.3161777777777778	0.19556201994419098
charger	rembg_u2net	True	0.6344666666666666	0.1805860698223114
cheese	rembg_u2net	True	0.28205555555555556	0.09423055499792099
chin	rembg_u2net	True	0.3382	0.05870002135634422
chinchilla	rembg_u2net	True	0.5494333333333333	0.3135015666484833
chipmunk	rembg_u2net	True	0.26986666666666664	0.1552538424730301
chive	FALLBACK_ORIGINAL	True	0.9891222222222222	0.6676745414733887
cilantro	rembg_u2net	True	0.054766666666666665	0.026355452835559845
cinnamon	rembg_u2net	True	0.40896666666666665	0.21756577491760254
clam	rembg_u2net	True	0.5654	0.3269881010055542
clarinet	rembg_u2net	True	0.1497777777777778	0.06563709676265717
clay	rembg_u2net	True	0.27971111111111113	0.11686508357524872
clipboard	rembg_u2net	True	0.34878888888888887	0.12654781341552734
cloak	rembg_u2net	True	0.6888111111111112	0.5858598947525024
clothesline	rembg_u2net	True	0.36844444444444446	0.1547481268644333
clothespin	rembg_u2net	True	0.5062888888888889	0.25805866718292236
clove	rembg_u2net	True	0.06621111111111111	0.043672360479831696
coaster	rembg_u2net	True	0.6675777777777778	0.39095091819763184
coat	rembg_u2net	True	0.7101444444444445	0.537649929523468
coconut	rembg_u2net	True	0.3644222222222222	0.23074817657470703
coleslaw	rembg_u2net	True	0.6305444444444445	0.2542415261268616
collar	rembg_u2net	True	0.42365555555555556	0.28078240156173706
compost	rembg_u2net	True	0.5673222222222222	0.3112291693687439
cooler	rembg_u2net	True	0.6746444444444445	0.3199838399887085
coral	rembg_u2net	True	0.19956666666666667	0.03477412462234497
cork	rembg_u2net	True	0.3539555555555556	0.17427100241184235
corn	rembg_u2net	True	0.5125888888888889	0.274894654750824
cornbread	rembg_u2net	True	0.6060777777777778	0.31063953042030334
corset	rembg_u2net	True	0.3537444444444444	0.2253122329711914
counter	FALLBACK_ORIGINAL	True	0.9745	0.69997638463974
cow	rembg_u2net	True	0.24396666666666667	0.16956984996795654
coyote	rembg_u2net	True	0.19127777777777777	0.09658141434192657
crane	rembg_u2net	True	0.18746666666666667	0.07791364192962646
crate	rembg_u2net	True	0.49545555555555554	0.22841130197048187
crib	rembg_u2net	True	0.5162111111111111	0.18689069151878357
crown	rembg_u2net	True	0.7039555555555556	0.4696018695831299
crumb	FALLBACK_ORIGINAL	True	0.9995888888888889	0.34521326422691345
cymbal	rembg_u2net	True	0.7101222222222222	0.40891849994659424
dashboard	rembg_u2net	True	0.4557777777777778	0.27001631259918213
dessert	rembg_u2net	True	0.2288777777777778	0.1319989413022995
dice	rembg_u2net	True	0.20628888888888888	0.11245924234390259
dip	rembg_u2net	True	0.5442333333333333	0.31205838918685913
dish	rembg_u2net	True	0.38811111111111113	0.142361581325531
dishwasher	rembg_u2net	True	0.34325555555555554	0.10090949386358261
domino	rembg_u2net	True	0.36484444444444447	0.24968118965625763
donkey	rembg_u2net	True	0.2799	0.14309512078762054
doorbell	rembg_u2net	True	0.5143555555555556	0.332608699798584
dough	rembg_u2net	True	0.17575555555555555	0.07686544954776764
dragonfly	rembg_u2net	True	0.07865555555555556	0.036369189620018005
drill	rembg_u2net	True	0.3411222222222222	0.1819971203804016
drumstick	rembg_u2net	True	0.08275555555555555	0.02392462268471718
dryer	rembg_u2net	True	0.5590888888888889	0.3631851375102997
dumbwaiter	rembg_u2net	True	0.7395444444444444	0.4201696217060089
dumpling	rembg_u2net	True	0.5724666666666667	0.1884382963180542
dustpan	rembg_u2net	True	0.27192222222222223	0.16375643014907837
eagle	rembg_u2net	True	0.25125555555555557	0.1523105651140213
egg	rembg_u2net	True	0.37448888888888887	0.19337859749794006
eggnog	rembg_u2net	True	0.16026666666666667	0.07501518726348877
eggplant	rembg_u2net	True	0.5652222222222222	0.3375662863254547
elbow	rembg_u2net	True	0.27455555555555555	0.06821101158857346
fan	rembg_u2net	True	0.4754111111111111	0.2183854579925537
ferry	rembg_u2net	True	0.33624444444444446	0.22664767503738403
figurine	rembg_u2net	True	0.6438555555555555	0.388155460357666
filter	rembg_u2net	True	0.5446	0.3725237548351288
fingerprint	rembg_u2net	True	0.6893222222222222	0.19204556941986084
firewood	rembg_u2net	True	0.1698888888888889	0.021708369255065918
flan	rembg_u2net	True	0.4025888888888889	0.2383490949869156
flashlight	rembg_u2net	True	0.3569888888888889	0.26488107442855835
float	rembg_u2net	True	0.6961777777777778	0.486771821975708
flower	rembg_u2net	True	0.4408222222222222	0.169430673122406
flute	rembg_u2net	True	0.7002555555555555	0.3672027289867401
foam	rembg_u2net	True	0.6641333333333334	0.08864574134349823
fondue	rembg_u2net	True	0.5161222222222223	0.2965012192726135
footbath	rembg_u2net	True	0.6997444444444444	0.2740537226200104
forklift	rembg_u2net	True	0.38358888888888887	0.2575976252555847
fox	rembg_u2net	True	0.446	0.2646235525608063
freezer	rembg_u2net	True	0.6512444444444444	0.22448588907718658
frog	rembg_u2net	True	0.2994222222222222	0.12191949039697647
fruitcake	rembg_u2net	True	0.5586777777777778	0.31255513429641724
fudge	rembg_u2net	True	0.7653777777777778	0.44274166226387024
funnel	rembg_u2net	True	0.33087777777777777	0.18938520550727844
fuse	rembg_u2net	True	0.5493222222222223	0.22043925523757935
gargoyle	rembg_u2net	True	0.49756666666666666	0.39037173986434937
garlic	rembg_u2net	True	0.6305222222222222	0.23716868460178375
gazelle	rembg_u2net	True	0.21731111111111112	0.09517884254455566
gel	rembg_u2net	True	0.3031333333333333	0.07532907277345657
generator	rembg_u2net	True	0.7643555555555556	0.4310019612312317
gift	rembg_u2net	True	0.3143444444444444	0.1353393793106079
glasses	rembg_u2net	True	0.16603333333333334	0.07676469534635544
glove	rembg_u2net	True	0.29727777777777775	0.1270911544561386
goat	rembg_u2net	True	0.4583777777777778	0.20588186383247375
gondola	rembg_u2net	True	0.1729111111111111	0.11277083307504654
goose	rembg_u2net	True	0.27523333333333333	0.1561751514673233
gorilla	rembg_u2net	True	0.35475555555555555	0.18958328664302826
gourd	rembg_u2net	True	0.3604	0.1913187950849533
graffiti	rembg_u2net	True	0.27564444444444447	0.12355715781450272
grain	FALLBACK_ORIGINAL	True	1.0	0.6440944075584412
grate	rembg_u2net	True	0.24736666666666668	0.05425284430384636
groundhog	rembg_u2net	True	0.24014444444444444	0.09619563072919846
gutter	rembg_u2net	True	0.21544444444444444	0.12434213608503342
hammock	rembg_u2net	True	0.35584444444444446	0.13174346089363098
hamster	rembg_u2net	True	0.19414444444444445	0.09557335078716278
handle	rembg_u2net	True	0.05655555555555555	0.021979814395308495
harmonica	rembg_u2net	True	0.5394666666666666	0.298349529504776
harness	rembg_u2net	True	0.16334444444444443	0.04273729771375656
headdress	rembg_u2net	True	0.4065	0.048533741384744644
headrest	rembg_u2net	True	0.7112666666666667	0.4833170175552368
hedgehog	rembg_u2net	True	0.42743333333333333	0.31509876251220703
hippopotamus	rembg_u2net	True	0.4750888888888889	0.27877897024154663
hoe	rembg_u2net	True	0.48405555555555557	0.20823070406913757
hood	rembg_u2net	True	0.5384777777777778	0.2177506983280182
hopscotch	rembg_u2net	True	0.4549111111111111	0.1390126347541809
horn	rembg_u2net	True	0.25554444444444446	0.10447714477777481
horse	rembg_u2net	True	0.3176111111111111	0.2170133739709854
hubcap	rembg_u2net	True	0.5686666666666667	0.24694958329200745
hummingbird	rembg_u2net	True	0.1506888888888889	0.06992094218730927
hydrant	rembg_u2net	True	0.1499	0.10805349051952362
ice	rembg_u2net	True	0.46947777777777777	0.1673010140657425
iguana	rembg_u2net	True	0.5179777777777778	0.2874855399131775
incense	FALLBACK_ORIGINAL	True	1.0	0.485582560300827
jellyfish	rembg_u2net	True	0.4258888888888889	0.2638402283191681
jersey	rembg_u2net	True	0.06397777777777777	0.03572648763656616
jug	rembg_u2net	True	0.4828	0.2251584231853485
jukebox	rembg_u2net	True	0.5588555555555555	0.32774436473846436
kaleidoscope	rembg_u2net	True	0.3330222222222222	0.1642073690891266
kayak	rembg_u2net	True	0.16671111111111112	0.09532443434000015
key	rembg_u2net	True	0.3061333333333333	0.14803414046764374
kimono	rembg_u2net	True	0.28621111111111114	0.14871767163276672
knitting	rembg_u2net	True	0.4006111111111111	0.2528180480003357
koala	rembg_u2net	True	0.5509444444444445	0.26697397232055664
ladybug	FALLBACK_ORIGINAL	True	0.9991444444444444	0.46304115653038025
lamp	rembg_u2net	True	0.1277222222222222	0.07328004390001297
lantern	rembg_u2net	True	0.31427777777777777	0.19808588922023773
latch	rembg_u2net	True	0.37714444444444445	0.10634975880384445
lava	rembg_u2net	True	0.3368555555555556	0.20196573436260223
leek	rembg_u2net	True	0.22045555555555554	0.058754753321409225
leggings	rembg_u2net	True	0.2452888888888889	0.184354767203331
leopard	rembg_u2net	True	0.4703777777777778	0.2749055027961731
lobster	rembg_u2net	True	0.5890111111111112	0.420640766620636
lock	rembg_u2net	True	0.4544111111111111	0.21783560514450073
locker	rembg_u2net	True	0.7272444444444445	0.5777041912078857
log	rembg_u2net	True	0.10048888888888889	0.054731257259845734
lollipop	rembg_u2net	True	0.10368888888888889	0.048141151666641235
luggage	rembg_u2net	True	0.5597111111111112	0.38773152232170105
lumber	rembg_u2net	True	0.7915777777777778	0.2805834114551544
mailbox	rembg_u2net	True	0.5463222222222223	0.2231452763080597
mallet	rembg_u2net	True	0.20766666666666667	0.0803331732749939
mandolin	rembg_u2net	True	0.2117	0.11670411378145218
mango	rembg_u2net	True	0.3044	0.15195588767528534
mantle	rembg_u2net	True	0.34986666666666666	0.25364425778388977
map	rembg_u2net	True	0.19497777777777778	0.0872606411576271
marker	rembg_u2net	True	0.25504444444444446	0.03974863141775131
marshmallow	rembg_u2net	True	0.3666333333333333	0.10013854503631592
mascara	rembg_u2net	True	0.17924444444444446	0.13719432055950165
mast	FALLBACK_ORIGINAL	True	0.5785666666666667	0.10055207461118698
meatball	rembg_u2net	True	0.5140666666666667	0.28650960326194763
medal	rembg_u2net	True	0.3930666666666667	0.22945775091648102
melon	rembg_u2net	True	0.5044222222222222	0.23491141200065613
microwave	rembg_u2net	True	0.4751444444444444	0.3196485638618469
mixer	rembg_u2net	True	0.29885555555555554	0.11245857179164886
moccasin	rembg_u2net	True	0.5857111111111111	0.32473233342170715
monkey	rembg_u2net	True	0.18225555555555556	0.08792440593242645
mud	FALLBACK_ORIGINAL	True	0.9958444444444444	0.4298091232776642
mulch	FALLBACK_ORIGINAL	True	0.9991666666666666	0.6360957622528076
nest	rembg_u2net	True	0.4826888888888889	0.2291475087404251
net	rembg_u2net	True	0.34992222222222225	0.04323476180434227
nose	FALLBACK_ORIGINAL	True	1.0	0.41824421286582947
oatmeal	rembg_u2net	True	0.14686666666666667	0.1037062406539917
octopus	rembg_u2net	True	0.6193222222222222	0.32753536105155945
oil	rembg_u2net	True	0.21926666666666667	0.1307658702135086
oilcan	rembg_u2net	True	0.1209	0.056658755987882614
olive	rembg_u2net	True	0.19036666666666666	0.11547759175300598
omelet	rembg_u2net	True	0.7516777777777778	0.34149986505508423
orange	rembg_u2net	True	0.3929888888888889	0.24508504569530487
orangutan	rembg_u2net	True	0.8988111111111111	0.2992446720600128
orchid	rembg_u2net	True	0.3256222222222222	0.12475673109292984
organ	rembg_u2net	True	0.47054444444444443	0.2787966728210449
otter	rembg_u2net	True	0.4887888888888889	0.3146592974662781
owl	rembg_u2net	True	0.5293777777777777	0.31228265166282654
paddle	rembg_u2net	True	0.2918222222222222	0.0972980484366417
painting	rembg_u2net	True	0.5584111111111111	0.3827251195907593
pajamas	rembg_u2net	True	0.7187333333333333	0.5556829571723938
palette	rembg_u2net	True	0.4195888888888889	0.21664802730083466
pancake	rembg_u2net	True	0.6770555555555555	0.30048584938049316
panda	rembg_u2net	True	0.44583333333333336	0.2668817937374115
pants	rembg_u2net	True	0.29865555555555556	0.24690230190753937
papaya	rembg_u2net	True	0.5791666666666667	0.29907530546188354
parsley	FALLBACK_ORIGINAL	True	1.0	0.6864992380142212
peg	rembg_u2net	True	0.5853222222222222	0.40055546164512634
pencil	rembg_u2net	True	0.08797777777777778	0.05431691184639931
perfume	rembg_u2net	True	0.3441111111111111	0.1827104240655899
pesto	rembg_u2net	True	0.5236444444444445	0.2938378155231476
pheasant	rembg_u2net	True	0.1555	0.09902406483888626
phone	rembg_u2net	True	0.2489	0.15289883315563202
pie	rembg_u2net	True	0.6468777777777778	0.20588277280330658
pigeon	rembg_u2net	True	0.26903333333333335	0.12451604008674622
pinball	rembg_u2net	True	0.2136222222222222	0.09296336024999619
pincushion	rembg_u2net	True	0.4870777777777778	0.2743763327598572
pineapple	rembg_u2net	True	0.2033888888888889	0.13046739995479584
pinecone	rembg_u2net	True	0.5416888888888889	0.28232041001319885
pinwheel	rembg_u2net	True	0.2519222222222222	0.11773567646741867
pistachio	rembg_u2net	True	0.4185333333333333	0.11119107156991959
pitcher	rembg_u2net	True	0.4524111111111111	0.22830449044704437
pizza	rembg_u2net	True	0.6066555555555555	0.2528431713581085
plug	rembg_u2net	True	0.23975555555555556	0.15681685507297516
porthole	rembg_u2net	True	0.8480888888888889	0.3937937021255493
poster	FALLBACK_ORIGINAL	True	0.9999666666666667	0.6051384806632996
pot	rembg_u2net	True	0.7189555555555556	0.37497633695602417
potato	rembg_u2net	True	0.7564222222222222	0.2411564290523529
potpourri	rembg_u2net	True	0.09651111111111112	0.03165634348988533
printer	FALLBACK_ORIGINAL	True	0.9999777777777777	0.5692710280418396
prism	rembg_u2net	True	0.09284444444444444	0.04173135757446289
prune	rembg_u2net	True	0.2653333333333333	0.23278866708278656
puddle	rembg_u2net	True	0.3086111111111111	0.11003965884447098
pump	rembg_u2net	True	0.2944777777777778	0.2065988928079605
pumpkin	rembg_u2net	True	0.30924444444444443	0.14803223311901093
quilt	FALLBACK_ORIGINAL	True	1.0	0.5338454842567444
rabbit	rembg_u2net	True	0.26664444444444446	0.15195727348327637
radar	rembg_u2net	True	0.5227222222222222	0.2817643880844116
railing	FALLBACK_ORIGINAL	True	1.0	0.4027251601219177
raisin	rembg_u2net	True	0.47815555555555556	0.37550321221351624
reel	rembg_u2net	True	0.2700888888888889	0.136176198720932
refrigerator	FALLBACK_ORIGINAL	True	1.0	0.2588668167591095
reindeer	rembg_u2net	True	0.19625555555555554	0.10443557798862457
rhinoceros	rembg_u2net	True	0.48833333333333334	0.3092361092567444
rhubarb	rembg_u2net	True	0.17674444444444445	0.024798188358545303
rice	rembg_u2net	True	0.9381111111111111	0.25051867961883545
rim	FALLBACK_ORIGINAL	True	0.9899333333333333	0.6589158177375793
rocket	FALLBACK_ORIGINAL	True	0.9700333333333333	0.48585256934165955
rooster	rembg_u2net	True	0.3415111111111111	0.22398494184017181
rope	rembg_u2net	True	0.5423444444444444	0.22736968100070953
rose	rembg_u2net	True	0.5553	0.26735493540763855
ruby	rembg_u2net	True	0.06018888888888889	0.04906647279858589
saddle	rembg_u2net	True	0.36244444444444446	0.18702645599842072
salami	rembg_u2net	True	0.3619888888888889	0.24134337902069092
sandbag	rembg_u2net	True	0.39482222222222224	0.13954822719097137
sandpaper	rembg_u2net	True	0.3121	0.18750248849391937
satellite	FALLBACK_ORIGINAL	True	0.9999888888888889	0.3461354970932007
sauce	rembg_u2net	True	0.4956888888888889	0.197622612118721
sauerkraut	rembg_u2net	True	0.17084444444444444	0.08245024085044861
scaffolding	FALLBACK_ORIGINAL	True	0.9542111111111111	0.5489069223403931
scarf	rembg_u2net	True	0.19946666666666665	0.10167727619409561
scoop	rembg_u2net	True	0.23575555555555555	0.11466744542121887
screwdriver	rembg_u2net	True	0.20145555555555555	0.10940439254045486
seagull	rembg_u2net	True	0.26015555555555553	0.13423976302146912
seismograph	rembg_u2net	True	0.5193222222222222	0.2604422867298126
shelf	rembg_u2net	True	0.8227444444444444	0.5420599579811096
ship	rembg_u2net	True	0.5200222222222223	0.30623000860214233
shorts	rembg_u2net	True	0.6088222222222223	0.3414686322212219
shower	rembg_u2net	True	0.5675111111111111	0.22365957498550415
showerhead	rembg_u2net	True	0.18955555555555556	0.06602034717798233
sidecar	rembg_u2net	True	0.29714444444444443	0.16509567201137543
silverware	rembg_u2net	True	0.7053666666666667	0.3382948040962219
sink	rembg_u2net	True	0.6987333333333333	0.18283040821552277
skateboard	rembg_u2net	True	0.2444111111111111	0.14405791461467743
ski	FALLBACK_ORIGINAL	True	0.9984888888888889	0.5867451429367065
skirt	rembg_u2net	True	0.4610222222222222	0.2646345794200897
sloth	rembg_u2net	True	0.4321	0.27321910858154297
snail	rembg_u2net	True	0.2722777777777778	0.1121579110622406
snowball	rembg_u2net	True	0.23204444444444444	0.08252932131290436
soap	rembg_u2net	True	0.4316111111111111	0.23390735685825348
sorbet	rembg_u2net	True	0.43294444444444447	0.30214473605155945
soup	rembg_u2net	True	0.3764777777777778	0.16386163234710693
sparkler	rembg_u2net	True	0.19523333333333334	0.06757035851478577
spatula	rembg_u2net	True	0.09204444444444444	0.023002227768301964
sprinkler	FALLBACK_ORIGINAL	True	0.9999888888888889	0.5038540363311768
squash	rembg_u2net	True	0.3405444444444444	0.0822749212384224
squirrel	rembg_u2net	True	0.32416666666666666	0.19783565402030945
stair	rembg_u2net	True	0.6808111111111111	0.3762245774269104
statue	rembg_u2net	True	0.5882111111111111	0.24898016452789307
stem	rembg_u2net	True	0.25626666666666664	0.15704640746116638
stew	rembg_u2net	True	0.31156666666666666	0.20540419220924377
strawberry	rembg_u2net	True	0.36706666666666665	0.2526859641075134
stretcher	rembg_u2net	True	0.1109	0.06810382753610611
stroller	rembg_u2net	True	0.3028	0.19242551922798157
stump	rembg_u2net	True	0.27545555555555556	0.18249717354774475
submarine	rembg_u2net	True	0.17705555555555555	0.11075878888368607
subway	rembg_u2net	True	0.13291111111111112	0.09309542924165726
suit	rembg_u2net	True	0.4424888888888889	0.27354153990745544
suitcase	rembg_u2net	True	0.3524555555555556	0.22145874798297882
sunflower	rembg_u2net	True	0.5814222222222222	0.36384493112564087
sunglasses	rembg_u2net	True	0.17074444444444445	0.12219421565532684
sunroof	rembg_u2net	True	0.13186666666666666	0.09134311974048615
sushi	rembg_u2net	True	0.25535555555555556	0.13609525561332703
swan	rembg_u2net	True	0.39447777777777776	0.10498914122581482
sweater	rembg_u2net	True	0.2544111111111111	0.17706982791423798
swordfish	rembg_u2net	True	0.12961111111111112	0.09231305122375488
tab	rembg_u2net	True	0.5031111111111111	0.32037153840065
tablecloth	rembg_u2net	True	0.6184333333333333	0.14885810017585754
taco	rembg_u2net	True	0.5566222222222222	0.3012969493865967
tadpole	FALLBACK_ORIGINAL	True	1.0	0.5894909501075745
taillight	rembg_u2net	True	0.3787333333333333	0.22194062173366547
tamale	rembg_u2net	True	0.7887333333333333	0.3948020935058594
tape	rembg_u2net	True	0.31575555555555557	0.14204728603363037
tapestry	rembg_u2net	True	0.16562222222222223	0.03953157737851143
target	rembg_u2net	True	0.15332222222222222	0.0552934966981411
tea	rembg_u2net	True	0.5845111111111111	0.332352876663208
teabag	rembg_u2net	True	0.20393333333333333	0.0899142324924469
teacup	rembg_u2net	True	0.2711777777777778	0.08628547936677933
teapot	rembg_u2net	True	0.4880333333333333	0.29340654611587524
tee	FALLBACK_ORIGINAL	True	0.9999777777777777	0.6997620463371277
telescope	rembg_u2net	True	0.3433777777777778	0.2101769745349884
thermos	rembg_u2net	True	0.18827777777777777	0.1288641095161438
thermostat	rembg_u2net	True	0.5093555555555556	0.19023919105529785
tiara	rembg_u2net	True	0.4406333333333333	0.26256120204925537
toe	rembg_u2net	True	0.48827777777777776	0.2422623634338379
toilet	rembg_u2net	True	0.3834222222222222	0.09956298023462296
toothpick	rembg_u2net	True	0.3232888888888889	0.15732795000076294
tractor	rembg_u2net	True	0.3962	0.2617928683757782
trampoline	rembg_u2net	True	0.5495111111111111	0.3868519961833954
treasure	rembg_u2net	True	0.45168888888888886	0.10782460123300552
tripod	rembg_u2net	True	0.09514444444444445	0.06882209330797195
trolley	rembg_u2net	True	0.5115	0.3361835181713104
trophy	rembg_u2net	True	0.1635111111111111	0.0951656773686409
trough	rembg_u2net	True	0.30904444444444445	0.18051651120185852
trumpet	rembg_u2net	True	0.4700111111111111	0.23000790178775787
trunk	rembg_u2net	True	0.5902888888888889	0.4404447078704834
tuba	rembg_u2net	True	0.18287777777777778	0.08924870193004608
tulip	rembg_u2net	True	0.48107777777777777	0.10754185169935226
tumbleweed	rembg_u2net	True	0.2607	0.16993515193462372
turbine	rembg_u2net	True	0.7648	0.4529082179069519
turkey	rembg_u2net	True	0.34434444444444445	0.19487792253494263
turnstile	rembg_u2net	True	0.4159333333333333	0.27151501178741455
turntable	rembg_u2net	True	0.6890111111111111	0.41686493158340454
turtle	rembg_u2net	True	0.3237333333333333	0.20584405958652496
tuxedo	rembg_u2net	True	0.7305222222222222	0.6036899089813232
typewriter	rembg_u2net	True	0.6582444444444444	0.470272958278656
umbrella	rembg_u2net	True	0.4045222222222222	0.16759935021400452
valve	rembg_u2net	True	0.3567	0.26879385113716125
vase	rembg_u2net	True	0.4152666666666667	0.298422634601593
vegetable	rembg_u2net	True	0.2230888888888889	0.1340252161026001
veil	rembg_u2net	True	0.3146555555555556	0.11132465302944183
vest	rembg_u2net	True	0.5878222222222222	0.23445236682891846
violin	rembg_u2net	True	0.17877777777777779	0.13137070834636688
visor	rembg_u2net	True	0.32687777777777777	0.2031216323375702
volleyball	rembg_u2net	True	0.3318	0.20470549166202545
warthog	rembg_u2net	True	0.5336	0.30018311738967896
watermelon	rembg_u2net	True	0.17904444444444445	0.06496160477399826
waterwheel	rembg_u2net	True	0.2769333333333333	0.21521662175655365
windshield	rembg_u2net	True	0.7005444444444444	0.18766875565052032
wolf	rembg_u2net	True	0.3608222222222222	0.16382025182247162
worm	rembg_u2net	True	0.11961111111111111	0.051131900399923325
wreath	rembg_u2net	True	0.24473333333333333	0.1431276649236679
yacht	rembg_u2net	True	0.2879555555555556	0.14458408951759338
zucchini	rembg_u2net	True	0.23646666666666666	0.16559089720249176
