targetWord,answerWord,wordPairing,iso_sim_img_img,iso_sim_img_txt
acorn,coconut,hard,0.8036084175109863,0.30706173181533813
acorn,key,easy,0.6262973546981812,0.1783413141965866
acorn,clothesline,distal,0.5662289261817932,0.15330520272254944
aloe,cactus,hard,0.7874063849449158,0.2744040787220001
aloe,bracket,easy,0.6800998449325562,0.16967147588729858
aloe,banner,distal,0.4430512487888336,0.1725199669599533
antenna,stem,hard,0.8164368271827698,0.2507783770561218
antenna,pinecone,easy,0.6870303750038147,0.21063680946826935
antenna,backgammon,distal,0.7202741503715515,0.21911610662937164
artichoke,leek,hard,0.7298474311828613,0.2953590750694275
artichoke,sunroof,easy,0.5360610485076904,0.18196624517440796
artichoke,cello,distal,0.5317350625991821,0.16476266086101532
bamboo,lumber,hard,0.6796101331710815,0.22623604536056519
bamboo,yacht,easy,0.5654245018959045,0.16645954549312592
bamboo,apron,distal,0.6200152635574341,0.19624033570289612
barrel,bucket,hard,0.7502814531326294,0.25750452280044556
barrel,shelf,easy,0.6507670879364014,0.2133660763502121
barrel,anteater,distal,0.6283800601959229,0.22014735639095306
blender,blind,hard,0.5623440742492676,0.24829384684562683
blender,mailbox,easy,0.6387556791305542,0.22794359922409058
blender,trampoline,distal,0.5803268551826477,0.19215361773967743
blower,burner,hard,0.6681967377662659,0.23075799643993378
blower,buggy,easy,0.6386253833770752,0.24645520746707916
blower,papaya,distal,0.5486149191856384,0.1716306507587433
bobsled,sidecar,hard,0.7679586410522461,0.2940097153186798
bobsled,dip,easy,0.51578688621521,0.1954576075077057
bobsled,cilantro,distal,0.65935218334198,0.23470266163349152
bouquet,centerpiece,hard,0.6744242906570435,0.19106003642082214
bouquet,bandanna,easy,0.757160484790802,0.18832284212112427
bouquet,submarine,distal,0.5931668281555176,0.13879172503948212
buffet,counter,hard,0.5494096875190735,0.21372246742248535
buffet,crib,easy,0.6018187999725342,0.20538955926895142
buffet,rhubarb,distal,0.7882674932479858,0.20529145002365112
bulldozer,tractor,hard,0.8112672567367554,0.22810815274715424
bulldozer,orange,easy,0.6135847568511963,0.2151416391134262
bulldozer,eggplant,distal,0.5863447785377502,0.18944786489009857
cake,dessert,hard,0.7977140545845032,0.21562865376472473
cake,refrigerator,easy,0.5720096826553345,0.19499516487121582
cake,battery,distal,0.5475828647613525,0.17315825819969177
candlestick,candle,hard,0.6962642073631287,0.24019885063171387
candlestick,egg,easy,0.6289580464363098,0.20159542560577393
candlestick,orangutan,distal,0.5774090886116028,0.18170064687728882
caramel,amber,hard,0.6386675238609314,0.2349456399679184
caramel,olive,easy,0.6779267191886902,0.1866724193096161
caramel,warthog,distal,0.6038517951965332,0.18468184769153595
carousel,carriage,hard,0.6438068747520447,0.24123229086399078
carousel,dish,easy,0.4950162172317505,0.1948619782924652
carousel,melon,distal,0.46871837973594666,0.15079966187477112
carrot,vegetable,hard,0.7251856327056885,0.21438449621200562
carrot,phone,easy,0.5515158772468567,0.18525612354278564
carrot,bathtub,distal,0.554171621799469,0.15604183077812195
cassette,tape,hard,0.8011400699615479,0.20775148272514343
cassette,book,easy,0.7073990702629089,0.2027302086353302
cassette,hammock,distal,0.6802799701690674,0.17607806622982025
cheese,butter,hard,0.8366996049880981,0.2724892199039459
cheese,mud,easy,0.4580787420272827,0.19891779124736786
cheese,hippopotamus,distal,0.5954378843307495,0.20520630478858948
cloak,hood,hard,0.7642759680747986,0.26919370889663696
cloak,cinnamon,easy,0.5680679082870483,0.19657307863235474
cloak,jellyfish,distal,0.6076661944389343,0.18790389597415924
clothespin,toothpick,hard,0.7809731364250183,0.2742924392223358
clothespin,volleyball,easy,0.6353849768638611,0.1696593314409256
clothespin,fondue,distal,0.7197569608688354,0.16764786839485168
coaster,card,hard,0.6734976768493652,0.229792982339859
coaster,painting,easy,0.6948540806770325,0.18318507075309753
coaster,hummingbird,distal,0.6013971567153931,0.20249755680561066
cork,jersey,hard,0.5814829468727112,0.2148546278476715
cork,skateboard,easy,0.6519117951393127,0.22417208552360535
cork,mascara,distal,0.6704030632972717,0.201446995139122
cornbread,corn,hard,0.7130302786827087,0.2726193964481354
cornbread,wreath,easy,0.5744388699531555,0.19045548141002655
cornbread,organ,distal,0.5434377789497375,0.17286990582942963
corset,harness,hard,0.6425679326057434,0.18546505272388458
corset,mantle,easy,0.7348113656044006,0.15020418167114258
corset,bonsai,distal,0.6747452020645142,0.12513002753257751
cymbal,mallet,hard,0.5543079376220703,0.2462177574634552
cymbal,kaleidoscope,easy,0.4568752944469452,0.22626367211341858
cymbal,ferry,distal,0.39327383041381836,0.1756094992160797
dumpling,meatball,hard,0.6443349719047546,0.24287563562393188
dumpling,rocket,easy,0.5692963600158691,0.17917928099632263
dumpling,coyote,distal,0.6463828086853027,0.1913357377052307
elbow,arm,hard,0.8043768405914307,0.23594623804092407
elbow,bed,easy,0.6920202970504761,0.21817168593406677
elbow,gorilla,distal,0.7365987300872803,0.2079727053642273
fan,album,hard,0.6069607734680176,0.20799969136714935
fan,boulder,easy,0.6297770738601685,0.22745460271835327
fan,chipmunk,distal,0.6640963554382324,0.21021106839179993
flan,fuse,hard,0.5761207938194275,0.15873414278030396
flan,amplifier,easy,0.6492840051651001,0.19153915345668793
flan,turnstile,distal,0.627556324005127,0.1783227026462555
foam,float,hard,0.6521062850952148,0.18780875205993652
foam,quilt,easy,0.6704927086830139,0.19250209629535675
foam,asparagus,distal,0.5309638381004333,0.1733095794916153
footbath,trough,hard,0.6248601078987122,0.223947212100029
footbath,vest,easy,0.5480597019195557,0.1579277664422989
footbath,rhinoceros,distal,0.5851734280586243,0.18013514578342438
fox,wolf,hard,0.7915010452270508,0.23778590559959412
fox,reindeer,easy,0.7488179206848145,0.21805104613304138
fox,harmonica,distal,0.5145354270935059,0.17284873127937317
freezer,cooler,hard,0.9062942266464233,0.2477979063987732
freezer,nest,easy,0.6038992404937744,0.19369296729564667
freezer,binoculars,distal,0.6738259196281433,0.16975867748260498
fruitcake,fudge,hard,0.7417852878570557,0.23736196756362915
fruitcake,dough,easy,0.6412086486816406,0.20091043412685394
fruitcake,anvil,distal,0.5778511762619019,0.20307204127311707
gondola,trolley,hard,0.5033587217330933,0.26544389128685
gondola,clipboard,easy,0.5688027143478394,0.16367678344249725
gondola,charger,distal,0.5402527451515198,0.20660369098186493
grate,crate,hard,0.6108805537223816,0.19670869410037994
grate,reel,easy,0.6931660771369934,0.21419191360473633
grate,tuba,distal,0.6027282476425171,0.21513499319553375
gutter,filter,hard,0.7122198343276978,0.20534402132034302
gutter,almond,easy,0.6565287709236145,0.18773052096366882
gutter,porthole,distal,0.5996642112731934,0.20681989192962646
hamster,rabbit,hard,0.8363869190216064,0.23734150826931
hamster,tadpole,easy,0.5871972441673279,0.18126234412193298
hamster,skirt,distal,0.5252608060836792,0.17219772934913635
headdress,crown,hard,0.6035408973693848,0.2368713617324829
headdress,poster,easy,0.5253783464431763,0.1813962757587433
headdress,mango,distal,0.6218600869178772,0.21516048908233643
hedgehog,owl,hard,0.7725379467010498,0.21651366353034973
hedgehog,iguana,easy,0.7501012086868286,0.21324115991592407
hedgehog,dumbwaiter,distal,0.5316655039787292,0.19421175122261047
hoe,peg,hard,0.688571035861969,0.21393680572509766
hoe,dustpan,easy,0.7618383169174194,0.2827514708042145
hoe,beaker,distal,0.6577654480934143,0.21000100672245026
hopscotch,chalk,hard,0.7180541753768921,0.21396255493164062
hopscotch,funnel,easy,0.6793809533119202,0.19862575829029083
hopscotch,jug,distal,0.5317274332046509,0.1581249237060547
horn,bone,hard,0.7061301469802856,0.24497397243976593
horn,chin,easy,0.6563886404037476,0.23834428191184998
horn,ladybug,distal,0.6643738746643066,0.22336752712726593
kimono,cardigan,hard,0.6537392139434814,0.16623970866203308
kimono,turntable,easy,0.5828444957733154,0.1453089416027069
kimono,cable,distal,0.5301235914230347,0.1209779754281044
koala,panda,hard,0.7756547927856445,0.23858880996704102
koala,bee,easy,0.6619961261749268,0.1713935285806656
koala,backscratcher,distal,0.5750339031219482,0.14892330765724182
latch,lock,hard,0.8278762102127075,0.27589669823646545
latch,microwave,easy,0.7611932754516602,0.24382087588310242
latch,umbrella,distal,0.668236494064331,0.20113398134708405
locker,cabinet,hard,0.569506824016571,0.2043050229549408
locker,basket,easy,0.5832452774047852,0.19407342374324799
locker,gargoyle,distal,0.6207560896873474,0.19362598657608032
lollipop,candy,hard,0.7311676144599915,0.22132284939289093
lollipop,doorbell,easy,0.6407538056373596,0.1587369441986084
lollipop,crumb,distal,0.6839821338653564,0.16407132148742676
mandolin,gourd,hard,0.6530319452285767,0.23225116729736328
mandolin,mast,easy,0.5638455152511597,0.198876291513443
mandolin,seismograph,distal,0.6192986965179443,0.16394323110580444
map,marker,hard,0.771366536617279,0.18205425143241882
map,ruby,easy,0.7098163366317749,0.19346898794174194
map,dishwasher,distal,0.7116913199424744,0.16346368193626404
marshmallow,snowball,hard,0.7766791582107544,0.26975056529045105
marshmallow,dryer,easy,0.7526892423629761,0.20414908230304718
marshmallow,rooster,distal,0.5701873302459717,0.15299715101718903
mulch,compost,hard,0.6966331601142883,0.2455882579088211
mulch,clarinet,easy,0.6506020426750183,0.2023029774427414
mulch,lantern,distal,0.6464768052101135,0.19205425679683685
net,tee,hard,0.7094143629074097,0.1774391084909439
net,domino,easy,0.6382930874824524,0.17938505113124847
net,hydrant,distal,0.6483848690986633,0.15652617812156677
oatmeal,cereal,hard,0.7143532037734985,0.2787916958332062
oatmeal,collar,easy,0.6522801518440247,0.20575378835201263
oatmeal,aquarium,distal,0.6571401953697205,0.16983336210250854
oil,gel,hard,0.7240425944328308,0.20170660316944122
oil,grain,easy,0.603312611579895,0.22234715521335602
oil,bassinet,distal,0.649597704410553,0.17815068364143372
omelet,pancake,hard,0.7934026122093201,0.23786327242851257
omelet,clay,easy,0.6175425052642822,0.21623073518276215
omelet,trunk,distal,0.5382180213928223,0.1326674520969391
otter,beaver,hard,0.8860025405883789,0.26790961623191833
otter,goose,easy,0.75368732213974,0.17419256269931793
otter,tablecloth,distal,0.6196021437644958,0.19472810626029968
pajamas,pants,hard,0.7996236085891724,0.2183978259563446
pajamas,cage,easy,0.5870227813720703,0.16921567916870117
pajamas,groundhog,distal,0.5091668963432312,0.17185638844966888
parsley,basil,hard,0.6960116624832153,0.27493202686309814
parsley,tiara,easy,0.535767674446106,0.19938991963863373
parsley,kayak,distal,0.4862419366836548,0.1747899055480957
pie,pizza,hard,0.6631031632423401,0.2555594742298126
pie,flashlight,easy,0.6433056592941284,0.17811128497123718
pie,sweater,distal,0.6974822282791138,0.1852489411830902
pistachio,avocado,hard,0.7714428305625916,0.2532133162021637
pistachio,taco,easy,0.5372216701507568,0.17645445466041565
pistachio,bagpipe,distal,0.5735315084457397,0.1685314029455185
pitcher,batter,hard,0.6460882425308228,0.22283479571342468
pitcher,tumbleweed,easy,0.6247362494468689,0.22444957494735718
pitcher,medal,distal,0.7501316070556641,0.20490309596061707
potato,pot,hard,0.5645348429679871,0.1991843283176422
potato,glasses,easy,0.6150345206260681,0.17201267182826996
potato,dragonfly,distal,0.5808423757553101,0.1805848330259323
prism,radar,hard,0.7248661518096924,0.21646076440811157
prism,subway,easy,0.6069304943084717,0.20088990032672882
prism,chinchilla,distal,0.572883129119873,0.17591020464897156
prune,raisin,hard,0.8044573664665222,0.2664569318294525
prune,headrest,easy,0.692304253578186,0.19137965142726898
prune,jukebox,distal,0.6465005278587341,0.16451866924762726
puddle,bubble,hard,0.6186825037002563,0.21751880645751953
puddle,baseball,easy,0.624375581741333,0.16998134553432465
puddle,salami,distal,0.5754615068435669,0.1747608184814453
pump,plug,hard,0.6216437816619873,0.1854977011680603
pump,coat,easy,0.6552340984344482,0.18203914165496826
pump,scarf,distal,0.67400062084198,0.16597461700439453
rice,dice,hard,0.6791996359825134,0.21662211418151855
rice,box,easy,0.7965261936187744,0.21996508538722992
rice,bedpost,distal,0.7580224275588989,0.23695404827594757
saddle,handle,hard,0.6421501636505127,0.24338950216770172
saddle,figurine,easy,0.6368657946586609,0.21375475823879242
saddle,broccoli,distal,0.5893418788909912,0.20707309246063232
sandbag,sandpaper,hard,0.7091909050941467,0.22654154896736145
sandbag,valve,easy,0.6708868145942688,0.21266841888427734
sandbag,octopus,distal,0.6426923274993896,0.20307570695877075
sauerkraut,potpourri,hard,0.7355642914772034,0.19926555454730988
sauerkraut,dashboard,easy,0.6480059623718262,0.18777477741241455
sauerkraut,clove,distal,0.7329974174499512,0.19380585849285126
scaffolding,satellite,hard,0.6039004921913147,0.196840301156044
scaffolding,veil,easy,0.5905792713165283,0.19495397806167603
scaffolding,antelope,distal,0.5991724133491516,0.19321098923683167
scoop,sauce,hard,0.6870547533035278,0.19657552242279053
scoop,statue,easy,0.5910444855690002,0.19870193302631378
scoop,cauliflower,distal,0.5868120193481445,0.22192604839801788
seagull,pigeon,hard,0.857158362865448,0.2538963556289673
seagull,lobster,easy,0.6812717914581299,0.13657034933567047
seagull,perfume,distal,0.4650558829307556,0.14025916159152985
ship,boat,hard,0.7538544535636902,0.2636887729167938
ship,nose,easy,0.4964880347251892,0.1856023371219635
ship,zucchini,distal,0.5925350189208984,0.22596710920333862
shower,soap,hard,0.6566823720932007,0.20960171520709991
shower,toe,easy,0.6742676496505737,0.18021166324615479
shower,cantaloupe,distal,0.6680642366409302,0.19590051472187042
silverware,trophy,hard,0.6289689540863037,0.26629579067230225
silverware,garlic,easy,0.6412272453308105,0.19629372656345367
silverware,eggnog,distal,0.5841003656387329,0.20033390820026398
sink,toilet,hard,0.833745002746582,0.22068984806537628
sink,stair,easy,0.664739727973938,0.22434696555137634
sink,knitting,distal,0.608890175819397,0.1627941131591797
ski,ice,hard,0.5195752382278442,0.23187120258808136
ski,suitcase,easy,0.545849621295929,0.18396659195423126
ski,pincushion,distal,0.5118447542190552,0.20506219565868378
sloth,donkey,hard,0.7375209331512451,0.20560576021671295
sloth,clam,easy,0.6814744472503662,0.18060119450092316
sloth,incense,distal,0.5889071822166443,0.13585487008094788
snail,worm,hard,0.7681651711463928,0.23495621979236603
snail,cow,easy,0.6505403518676758,0.16948248445987701
snail,visor,distal,0.6135434508323669,0.2123779058456421
sorbet,palette,hard,0.6713403463363647,0.19432498514652252
sorbet,tamale,easy,0.6373111009597778,0.18536102771759033
sorbet,chive,distal,0.6409804821014404,0.1837494671344757
spatula,paddle,hard,0.8376188278198242,0.2664852738380432
spatula,lava,easy,0.7012341022491455,0.2092747688293457
spatula,pheasant,distal,0.6068475842475891,0.19743669033050537
sprinkler,sparkler,hard,0.594531774520874,0.25146394968032837
sprinkler,flower,easy,0.5811026096343994,0.20937979221343994
sprinkler,charcoal,distal,0.5686267018318176,0.22948700189590454
squash,pumpkin,hard,0.7737839818000793,0.2955515682697296
squash,branch,easy,0.7101832032203674,0.23121857643127441
squash,gazelle,distal,0.6322506666183472,0.1793421357870102
squirrel,monkey,hard,0.7113590836524963,0.19792352616786957
squirrel,eagle,easy,0.654808759689331,0.21019072830677032
squirrel,shorts,distal,0.6161902546882629,0.18534359335899353
stew,soup,hard,0.7596598863601685,0.21688999235630035
stew,mixer,easy,0.70856112241745,0.18484003841876984
stew,orchid,distal,0.660605251789093,0.1796685755252838
stretcher,drill,hard,0.6666526794433594,0.22182586789131165
stretcher,thermostat,easy,0.645470917224884,0.2026231288909912
stretcher,vase,distal,0.5508807897567749,0.1736695021390915
stump,log,hard,0.7468017935752869,0.2532722055912018
stump,bookshelf,easy,0.6211951375007629,0.16938339173793793
stump,showerhead,distal,0.6175717115402222,0.14974379539489746
sunflower,pineapple,hard,0.7851958870887756,0.21254363656044006
sunflower,rim,easy,0.5186760425567627,0.17993855476379395
sunflower,pinball,distal,0.6866158246994019,0.2017708420753479
swordfish,catfish,hard,0.7632172107696533,0.25708749890327454
swordfish,leopard,easy,0.6979769468307495,0.20199859142303467
swordfish,graffiti,distal,0.6500145196914673,0.21041813492774963
taillight,bumper,hard,0.6597720980644226,0.2604577839374542
taillight,luggage,easy,0.6377725601196289,0.18653643131256104
taillight,sushi,distal,0.5248622298240662,0.19345450401306152
tapestry,backdrop,hard,0.7167035937309265,0.20055221021175385
tapestry,leggings,easy,0.5954926013946533,0.17752137780189514
tapestry,forklift,distal,0.4968787431716919,0.13004489243030548
teabag,tea,hard,0.6825840473175049,0.272603303194046
teabag,fingerprint,easy,0.6682068109512329,0.23452509939670563
teabag,braid,distal,0.6365792751312256,0.18358828127384186
teapot,teacup,hard,0.7443875074386597,0.261386513710022
teapot,brake,easy,0.5293771624565125,0.17788530886173248
teapot,bookmark,distal,0.5975008010864258,0.18784864246845245
telescope,tripod,hard,0.6739634871482849,0.2713093161582947
telescope,windshield,easy,0.6785702705383301,0.22825226187705994
telescope,anklet,distal,0.4984898269176483,0.19650213420391083
thermos,oilcan,hard,0.7773712873458862,0.23162007331848145
thermos,firewood,easy,0.6939729452133179,0.21833360195159912
thermos,coral,distal,0.6723880767822266,0.23507511615753174
treasure,gift,hard,0.6419383883476257,0.23750552535057068
treasure,rope,easy,0.577226996421814,0.2003353238105774
treasure,lamp,distal,0.6596053242683411,0.19903366267681122
trumpet,flute,hard,0.7752696871757507,0.273599237203598
trumpet,violin,easy,0.7536614537239075,0.22821541130542755
trumpet,coleslaw,distal,0.548150360584259,0.18190550804138184
tulip,rose,hard,0.8194225430488586,0.24733783304691315
tulip,glove,easy,0.6291106939315796,0.1878734529018402
tulip,hubcap,distal,0.7396191358566284,0.20010337233543396
turbine,generator,hard,0.5612026453018188,0.20717594027519226
turbine,tab,easy,0.6868153214454651,0.22201190888881683
turbine,pesto,distal,0.5332402586936951,0.17808957397937775
turkey,goat,hard,0.6361472010612488,0.20936155319213867
turkey,swan,easy,0.7341057658195496,0.24271602928638458
turkey,pencil,distal,0.6598097085952759,0.2185489535331726
turtle,frog,hard,0.7612875699996948,0.2352863997220993
turtle,horse,easy,0.6980167031288147,0.1707896590232849
turtle,railing,distal,0.6534668803215027,0.20591454207897186
tuxedo,suit,hard,0.8715037107467651,0.23681487143039703
tuxedo,stroller,easy,0.5799791812896729,0.16643355786800385
tuxedo,moccasin,distal,0.5668095350265503,0.13979797065258026
typewriter,printer,hard,0.6456642746925354,0.24616248905658722
typewriter,sunglasses,easy,0.6111013293266296,0.18583187460899353
typewriter,drumstick,distal,0.6422569155693054,0.16545385122299194
watermelon,strawberry,hard,0.8380403518676758,0.24866421520709991
watermelon,screwdriver,easy,0.6160333752632141,0.1574607491493225
watermelon,crane,distal,0.5572106242179871,0.14410296082496643
waterwheel,pinwheel,hard,0.6846597194671631,0.20269203186035156
waterwheel,target,easy,0.7614216804504395,0.21023567020893097
waterwheel,boa,distal,0.7275638580322266,0.20096148550510406
