target,trial,option,image,img_idx,tgt_idx,sim_img_img,sim_img_txt,sim_txt_txt
acorn,1,image1,acorn,1,1,0.9999998211860657,0.32971149682998657,1.000000238418579
acorn,1,image2,coconut,2,1,0.7701743841171265,0.2680210769176483,0.8407678604125977
acorn,1,image3,key,3,1,0.6105861663818359,0.17936056852340698,0.7603958249092102
acorn,1,image4,clothesline,4,1,0.49344053864479065,0.15907885134220123,0.6013991236686707
aloe,2,image1,aloe,5,5,0.9999995827674866,0.3124850392341614,1
aloe,2,image2,cactus,6,5,0.8097625970840454,0.2751251459121704,0.7794559001922607
aloe,2,image3,bracket,7,5,0.5941977500915527,0.17005783319473267,0.610247015953064
aloe,2,image4,banner,8,5,0.349762886762619,0.143575057387352,0.5325129628181458
antenna,3,image1,antenna,9,9,1.0000003576278687,0.3187616765499115,1.000000238418579
antenna,3,image2,stem,10,9,0.6179876327514648,0.194033682346344,0.8455669283866882
antenna,3,image3,pinecone,11,9,0.5998951196670532,0.20376056432724,0.7350363731384277
antenna,3,image4,backgammon,12,9,0.5175290107727051,0.19107547402381897,0.6574169397354126
artichoke,4,image1,artichoke,13,13,1.000000238418579,0.3061080873012543,0.9999995231628418
artichoke,4,image2,leek,14,13,0.6919353604316711,0.2552684247493744,0.7559736967086792
artichoke,4,image3,sunroof,15,13,0.4904746115207672,0.1902655065059662,0.6091765761375427
artichoke,4,image4,cello,16,13,0.4579920172691345,0.16516639292240143,0.5508975982666016
bamboo,5,image1,bamboo,17,17,0.9999997615814209,0.3075202703475952,0.9999997019767761
bamboo,5,image2,lumber,18,17,0.7121190428733826,0.23656298220157623,0.8314573764801025
bamboo,5,image3,yacht,19,17,0.523950457572937,0.16951239109039307,0.7221614122390747
bamboo,5,image4,apron,20,17,0.5279924869537354,0.19115254282951355,0.6013333201408386
barrel,6,image1,barrel,21,21,0.999999463558197,0.3214724361896515,1.0000003576278687
barrel,6,image2,bucket,22,21,0.6501636505126953,0.2379755824804306,0.8705726861953735
barrel,6,image3,shelf,23,21,0.5747438073158264,0.2122853547334671,0.8229898810386658
barrel,6,image4,anteater,24,21,0.546389102935791,0.22203758358955383,0.6628510355949402
blender,7,image1,blender,25,25,0.9999997615814209,0.291870653629303,0.9999992847442627
blender,7,image2,blind,26,25,0.5427243709564209,0.2060568779706955,0.8661707043647766
blender,7,image3,mailbox,27,25,0.5643541812896729,0.20097462832927704,0.7580044269561768
blender,7,image4,trampoline,28,25,0.5792686939239502,0.18901391327381134,0.6219238638877869
blower,8,image1,blower,29,29,1.000000238418579,0.2521885633468628,0.9999998211860657
blower,8,image2,burner,30,29,0.5502547025680542,0.22960157692432404,0.9132428765296936
blower,8,image3,buggy,31,29,0.5592029094696045,0.22178074717521667,0.8289502263069153
blower,8,image4,papaya,32,29,0.49659720063209534,0.16498097777366638,0.6605299115180969
bobsled,9,image1,bobsled,33,33,1.0000003576278687,0.3128650486469269,0.9999995231628418
bobsled,9,image2,sidecar,34,33,0.5903582572937012,0.2547982931137085,0.7876859903335571
bobsled,9,image3,dip,35,33,0.4029006361961365,0.18301111459732056,0.7042620778083801
bobsled,9,image4,cilantro,36,33,0.42986899614334106,0.16663484275341034,0.5967821478843689
bouquet,10,image1,bouquet,37,37,0.9999999403953552,0.2711680233478546,1.0000001192092896
bouquet,10,image2,centerpiece,38,37,0.5996156334877014,0.20253875851631165,0.8322288393974304
bouquet,10,image3,bandanna,39,37,0.5712752938270569,0.1763313114643097,0.6893688440322876
bouquet,10,image4,submarine,40,37,0.42437657713890076,0.13784343004226685,0.6325590014457703
buffet,11,image1,buffet,41,41,1.0000003576278687,0.28051772713661194,1.0000004768371582
buffet,11,image2,counter,42,41,0.5677987933158875,0.21416497230529785,0.8655804395675659
buffet,11,image3,crib,43,41,0.447190523147583,0.18355800211429596,0.8094788789749146
buffet,11,image4,rhubarb,44,41,0.6030633449554443,0.20238569378852844,0.6496981382369995
bulldozer,12,image1,bulldozer,45,45,0.9999999403953552,0.2920123338699341,1.0000004768371582
bulldozer,12,image2,tractor,46,45,0.6925829648971558,0.2156897932291031,0.8433893918991089
bulldozer,12,image3,orange,47,45,0.4943527579307556,0.19417904317378998,0.6771185398101807
bulldozer,12,image4,eggplant,48,45,0.500892698764801,0.16435378789901733,0.6477097272872925
cake,13,image1,cake,49,49,0.9999997019767761,0.2504403591156006,0.9999999403953552
cake,13,image2,dessert,50,49,0.776697039604187,0.20832572877407074,0.9000672101974487
cake,13,image3,refrigerator,51,49,0.5604739785194397,0.19805853068828583,0.7887949347496033
cake,13,image4,battery,52,49,0.4448418617248535,0.16463452577590942,0.6716256737709045
candlestick,14,image1,candlestick,53,53,0.9999999403953552,0.28119322657585144,1.0000001192092896
candlestick,14,image2,candle,54,53,0.618309736251831,0.24448280036449432,0.8528458476066589
candlestick,14,image3,egg,55,53,0.6783755421638489,0.1895790547132492,0.6761220693588257
candlestick,14,image4,orangutan,56,53,0.5261470675468445,0.16858156025409698,0.5942763686180115
caramel,15,image1,caramel,57,57,1.0000001192092896,0.27747756242752075,1.000000238418579
caramel,15,image2,amber,58,57,0.6783334016799927,0.24616046249866486,0.8466808795928955
caramel,15,image3,olive,59,57,0.6282862424850464,0.16541807353496552,0.7325320243835449
caramel,15,image4,warthog,60,57,0.5614430904388428,0.18155696988105774,0.5960628986358643
carousel,16,image1,carousel,61,61,1.0000009536743164,0.270887553691864,1
carousel,16,image2,carriage,62,61,0.6798930764198303,0.22505219280719757,0.8508298993110657
carousel,16,image3,dish,63,61,0.4811522960662842,0.17177714407444,0.7614188194274902
carousel,16,image4,melon,64,61,0.5037199854850769,0.1499011367559433,0.6377730965614319
carrot,17,image1,carrot,65,65,0.9999998211860657,0.3003470301628113,0.9999999403953552
carrot,17,image2,vegetable,66,65,0.7875732183456421,0.22024165093898773,0.8801912665367126
carrot,17,image3,phone,67,65,0.4930890202522278,0.1920424997806549,0.8079025149345398
carrot,17,image4,bathtub,68,65,0.5306667685508728,0.16311512887477875,0.6598211526870728
cassette,18,image1,cassette,69,69,1.0000004768371582,0.3254011273384094,1
cassette,18,image2,tape,70,69,0.6423723697662354,0.2222706377506256,0.8808435797691345
cassette,18,image3,book,71,69,0.6208755373954773,0.2009066790342331,0.8463168740272522
cassette,18,image4,hammock,72,69,0.5917503833770752,0.1826915591955185,0.6690475344657898
cheese,19,image1,cheese,73,73,1.0000005960464478,0.2390480488538742,0.9999997019767761
cheese,19,image2,butter,74,73,0.8439249396324158,0.2563324570655823,0.8893197178840637
cheese,19,image3,mud,75,73,0.46222445368766785,0.19717730581760406,0.8077558875083923
cheese,19,image4,hippopotamus,76,73,0.5045992732048035,0.19695314764976501,0.6958264708518982
cloak,20,image1,cloak,77,77,0.9999997019767761,0.25217941403388977,0.9999999403953552
cloak,20,image2,hood,78,77,0.6367748975753784,0.24298213422298431,0.8363257050514221
cloak,20,image3,cinnamon,79,77,0.47512608766555786,0.17929959297180176,0.7797731161117554
cloak,20,image4,jellyfish,80,77,0.5260009169578552,0.21024136245250702,0.6468949913978577
clothespin,21,image1,clothespin,81,81,0.9999996423721313,0.2694214880466461,1
clothespin,21,image2,toothpick,82,81,0.7002819776535034,0.26715850830078125,0.8335754871368408
clothespin,21,image3,volleyball,83,81,0.5683847069740295,0.18234150111675262,0.6802443265914917
clothespin,21,image4,fondue,84,81,0.6538546085357666,0.17441989481449127,0.6180697679519653
coaster,22,image1,coaster,85,85,0.9999997615814209,0.24718725681304932,0.9999998807907104
coaster,22,image2,card,86,85,0.5407282710075378,0.2310480773448944,0.8345780372619629
coaster,22,image3,painting,87,85,0.4998741149902344,0.1740511655807495,0.7796291708946228
coaster,22,image4,hummingbird,88,85,0.4665290117263794,0.21046686172485352,0.6525037288665771
cork,23,image1,cork,89,89,1.000000238418579,0.3071850836277008,0.9999995827674866
cork,23,image2,jersey,90,89,0.46996068954467773,0.19695554673671722,0.8318262696266174
cork,23,image3,skateboard,91,89,0.5984488725662231,0.22440627217292786,0.7323672771453857
cork,23,image4,mascara,92,89,0.6200323104858398,0.2147262692451477,0.6407310962677002
cornbread,24,image1,cornbread,93,93,0.9999991655349731,0.26984599232673645,0.9999997019767761
cornbread,24,image2,corn,94,93,0.6693307161331177,0.24919664859771729,0.8568218946456909
cornbread,24,image3,wreath,95,93,0.5602204203605652,0.18928585946559906,0.6768257021903992
cornbread,24,image4,organ,96,93,0.4760071337223053,0.15066421031951904,0.6145468950271606
corset,25,image1,corset,97,97,1,0.2409021109342575,0.9999998211860657
corset,25,image2,harness,98,97,0.5241791009902954,0.2032611221075058,0.7992189526557922
corset,25,image3,mantle,99,97,0.5967406034469604,0.15700209140777588,0.6658354997634888
corset,25,image4,bonsai,100,97,0.6337487101554871,0.1313590705394745,0.5865406394004822
cymbal,26,image1,cymbal,101,101,0.9999995231628418,0.3022482991218567,1.000000238418579
cymbal,26,image2,mallet,102,101,0.4765504002571106,0.2568829357624054,0.8173321485519409
cymbal,26,image3,kaleidoscope,103,101,0.36978036165237427,0.17393359541893005,0.6506568789482117
cymbal,26,image4,ferry,104,101,0.2934110164642334,0.16102521121501923,0.6291426420211792
dumpling,27,image1,dumpling,105,105,0.9999998807907104,0.2728186547756195,0.9999998807907104
dumpling,27,image2,meatball,106,105,0.7284750938415527,0.2148495465517044,0.8514242768287659
dumpling,27,image3,rocket,107,105,0.43309682607650757,0.17917142808437347,0.7774568200111389
dumpling,27,image4,coyote,108,105,0.4390760064125061,0.17517635226249695,0.6620847582817078
elbow,28,image1,elbow,109,109,1.0000001192092896,0.2523644268512726,1
elbow,28,image2,arm,110,109,0.8374389410018921,0.21195723116397858,0.8748406767845154
elbow,28,image3,bed,111,109,0.5761711001396179,0.20995141565799713,0.7657670378684998
elbow,28,image4,gorilla,112,109,0.6381367444992065,0.1983707845211029,0.6792168617248535
fan,29,image1,fan,113,113,1.0000005960464478,0.3243100345134735,0.9999998807907104
fan,29,image2,album,114,113,0.4431973695755005,0.1754218190908432,0.9036368727684021
fan,29,image3,boulder,115,113,0.4900103211402893,0.2025826871395111,0.7619847655296326
fan,29,image4,chipmunk,116,113,0.5127193927764893,0.19975978136062622,0.6736181378364563
flan,30,image1,flan,117,117,0.9999997019767761,0.3419252336025238,0.9999999403953552
flan,30,image2,fuse,118,117,0.5027192234992981,0.16022956371307373,0.7817739844322205
flan,30,image3,amplifier,119,117,0.43577325344085693,0.17679449915885925,0.7027528882026672
flan,30,image4,turnstile,120,117,0.4872111678123474,0.17984996736049652,0.6104863286018372
foam,31,image1,foam,121,121,0.9999997615814209,0.27542608976364136,0.9999999403953552
foam,31,image2,float,122,121,0.5723072290420532,0.2018149048089981,0.8621423840522766
foam,31,image3,quilt,123,121,0.6621673107147217,0.183714359998703,0.7837387323379517
foam,31,image4,asparagus,124,121,0.5701573491096497,0.17440417408943176,0.6785611510276794
footbath,32,image1,footbath,125,125,0.9999998211860657,0.3117794096469879,1
footbath,32,image2,trough,126,125,0.5020262598991394,0.2523789405822754,0.7933339476585388
footbath,32,image3,vest,127,125,0.5518640279769897,0.14549648761749268,0.6612856388092041
footbath,32,image4,rhinoceros,128,125,0.4843599796295166,0.17905834317207336,0.5916669964790344
fox,33,image1,fox,129,129,0.9999998807907104,0.3196350634098053,0.9999997019767761
fox,33,image2,wolf,130,129,0.7584341168403625,0.21947354078292847,0.8780194520950317
fox,33,image3,reindeer,131,129,0.6836035251617432,0.1937510073184967,0.7962482571601868
fox,33,image4,harmonica,132,129,0.4860851764678955,0.15994958579540253,0.6456455588340759
freezer,34,image1,freezer,133,133,1.000000238418579,0.2715238332748413,1.0000001192092896
freezer,34,image2,cooler,134,133,0.7916697859764099,0.2643963694572449,0.8923309445381165
freezer,34,image3,nest,135,133,0.47880247235298157,0.17924384772777557,0.7698128819465637
freezer,34,image4,binoculars,136,133,0.5510199666023254,0.1650390923023224,0.6767719984054565
fruitcake,35,image1,fruitcake,137,137,1,0.2932048738002777,0.9999997615814209
fruitcake,35,image2,fudge,138,137,0.7135167121887207,0.2365160584449768,0.8783282041549683
fruitcake,35,image3,dough,139,137,0.6181367635726929,0.19776038825511932,0.8068156242370605
fruitcake,35,image4,anvil,140,137,0.5226806402206421,0.18280483782291412,0.6519554853439331
gondola,36,image1,gondola,141,141,1.000000238418579,0.31906819343566895,1.0000005960464478
gondola,36,image2,trolley,142,141,0.5376470685005188,0.24321101605892181,0.7121721506118774
gondola,36,image3,clipboard,143,141,0.469387412071228,0.1710912585258484,0.6066199541091919
gondola,36,image4,charger,144,141,0.41593971848487854,0.152595654129982,0.5319176912307739
grate,37,image1,grate,145,145,0.9999998807907104,0.3050561845302582,0.9999997615814209
grate,37,image2,crate,146,145,0.596989095211029,0.18366965651512146,0.8731634020805359
grate,37,image3,reel,147,145,0.6830534934997559,0.24208147823810577,0.8630931377410889
grate,37,image4,tuba,148,145,0.5845162868499756,0.23559533059597015,0.6843284964561462
gutter,38,image1,gutter,149,149,0.9999996423721313,0.25247231125831604,0.9999999403953552
gutter,38,image2,filter,150,149,0.5791732668876648,0.21678099036216736,0.8630084991455078
gutter,38,image3,almond,151,149,0.5367953777313232,0.18897755444049835,0.757607638835907
gutter,38,image4,porthole,152,149,0.5748566389083862,0.19849412143230438,0.6755300760269165
hamster,39,image1,hamster,153,153,1.0000001192092896,0.30864110589027405,0.9999998807907104
hamster,39,image2,rabbit,154,153,0.7490656971931458,0.21677245199680328,0.8484928607940674
hamster,39,image3,tadpole,155,153,0.5576968193054199,0.18771854043006897,0.7414552569389343
hamster,39,image4,skirt,156,153,0.48844605684280396,0.17781712114810944,0.6603371500968933
headdress,40,image1,headdress,157,157,1.0000001192092896,0.3141489326953888,0.9999995827674866
headdress,40,image2,crown,158,157,0.6431496143341064,0.24003295600414276,0.8516054153442383
headdress,40,image3,poster,159,157,0.49093130230903625,0.18140201270580292,0.7474923133850098
headdress,40,image4,mango,160,157,0.5579729080200195,0.22519589960575104,0.6503065824508667
hedgehog,41,image1,hedgehog,161,161,1.0000003576278687,0.2963566482067108,1.0000001192092896
hedgehog,41,image2,owl,162,161,0.7220882177352905,0.22461064159870148,0.8062684535980225
hedgehog,41,image3,iguana,163,161,0.694335401058197,0.2056354135274887,0.71098792552948
hedgehog,41,image4,dumbwaiter,164,161,0.5068060159683228,0.2014002948999405,0.5900332927703857
hoe,42,image1,hoe,165,165,1,0.2384623885154724,0.9999997019767761
hoe,42,image2,peg,166,165,0.5766501426696777,0.2283446490764618,0.8897514939308167
hoe,42,image3,dustpan,167,165,0.689469575881958,0.2556252181529999,0.7246360778808594
hoe,42,image4,beaker,168,165,0.5828688144683838,0.20414459705352783,0.645312488079071
hopscotch,43,image1,hopscotch,169,169,0.9999999403953552,0.32446473836898804,0.9999996423721313
hopscotch,43,image2,chalk,170,169,0.6448394656181335,0.209965318441391,0.818120539188385
hopscotch,43,image3,funnel,171,169,0.5448964238166809,0.19361460208892822,0.7056572437286377
hopscotch,43,image4,jug,172,169,0.5130333304405212,0.15261998772621155,0.6392905116081238
horn,44,image1,horn,173,173,0.9999997019767761,0.21703526377677917,1.0000001192092896
horn,44,image2,bone,174,173,0.5830899477005005,0.2319067269563675,0.8856221437454224
horn,44,image3,chin,175,173,0.5355200171470642,0.22787262499332428,0.8465015292167664
horn,44,image4,ladybug,176,173,0.6314662098884583,0.22807803750038147,0.7086137533187866
kimono,45,image1,kimono,177,177,0.9999991059303284,0.293239563703537,1.0000001192092896
kimono,45,image2,cardigan,178,177,0.4768889844417572,0.16787730157375336,0.7245243787765503
kimono,45,image3,turntable,179,177,0.46907731890678406,0.15914514660835266,0.5958291888237
kimono,45,image4,cable,180,177,0.4402724504470825,0.12849853932857513,0.5246726274490356
koala,46,image1,koala,181,181,0.9999999403953552,0.286368727684021,0.9999992251396179
koala,46,image2,panda,182,181,0.73309725522995,0.19836978614330292,0.8253794312477112
koala,46,image3,bee,183,181,0.6681367754936218,0.14725524187088013,0.7604278922080994
koala,46,image4,backscratcher,184,181,0.49832239747047424,0.18615329265594482,0.5645577907562256
latch,47,image1,latch,185,185,0.9999997615814209,0.2794378697872162,1.000000238418579
latch,47,image2,lock,186,185,0.8738740682601929,0.3013746738433838,0.9138060808181763
latch,47,image3,microwave,187,185,0.6625540852546692,0.22742192447185516,0.7641233801841736
latch,47,image4,umbrella,188,185,0.647596538066864,0.21391397714614868,0.6831990480422974
locker,48,image1,locker,189,189,0.9999996423721313,0.28760015964508057,0.9999998211860657
locker,48,image2,cabinet,190,189,0.5218828916549683,0.2043328732252121,0.8237149119377136
locker,48,image3,basket,191,189,0.5005818605422974,0.16961833834648132,0.7463018298149109
locker,48,image4,gargoyle,192,189,0.5667772889137268,0.18982891738414764,0.6158371567726135
lollipop,49,image1,lollipop,193,193,1.000000238418579,0.296644926071167,1.0000008344650269
lollipop,49,image2,candy,194,193,0.6755841970443726,0.21595358848571777,0.8563580513000488
lollipop,49,image3,doorbell,195,193,0.5309902429580688,0.15803973376750946,0.7193402051925659
lollipop,49,image4,crumb,196,193,0.5744525194168091,0.1549280881881714,0.6624354720115662
mandolin,50,image1,mandolin,197,197,1.0000001192092896,0.31182658672332764,0.9999996423721313
mandolin,50,image2,gourd,198,197,0.5062309503555298,0.18653208017349243,0.7940962314605713
mandolin,50,image3,mast,199,197,0.6101965308189392,0.1988762617111206,0.7331967353820801
mandolin,50,image4,seismograph,200,197,0.6058700084686279,0.1624772697687149,0.6173331141471863
map,51,image1,map,201,201,0.9999994039535522,0.23662824928760529,0.9999998211860657
map,51,image2,marker,202,201,0.5872856378555298,0.15693314373493195,0.8453989028930664
map,51,image3,ruby,203,201,0.5475728511810303,0.1743430197238922,0.7452105283737183
map,51,image4,dishwasher,204,201,0.5328500866889954,0.13332517445087433,0.6591745615005493
marshmallow,52,image1,marshmallow,205,205,1.000000238418579,0.3198099434375763,0.9999998211860657
marshmallow,52,image2,snowball,206,205,0.6126635074615479,0.23576666414737701,0.8499410152435303
marshmallow,52,image3,dryer,207,205,0.501987636089325,0.19128911197185516,0.7538895010948181
marshmallow,52,image4,rooster,208,205,0.543488621711731,0.14584656059741974,0.6463798880577087
mulch,53,image1,mulch,209,209,0.9999999403953552,0.3118472695350647,0.9999997615814209
mulch,53,image2,compost,210,209,0.6809489727020264,0.24634726345539093,0.8179045915603638
mulch,53,image3,clarinet,211,209,0.5514166355133057,0.19191645085811615,0.6961705088615417
mulch,53,image4,lantern,212,209,0.6175301671028137,0.1897704303264618,0.6331654787063599
net,54,image1,net,213,213,1,0.21748608350753784,0.9999995231628418
net,54,image2,tee,214,213,0.6547974944114685,0.17741189897060394,0.6828413605690002
net,54,image3,domino,215,213,0.5687265396118164,0.18522949516773224,0.5749279856681824
net,54,image4,hydrant,216,213,0.589687168598175,0.11424489319324493,0.48277580738067627
oatmeal,55,image1,oatmeal,217,217,1.000000238418579,0.2884582281112671,0.9999998211860657
oatmeal,55,image2,cereal,218,217,0.8326047658920288,0.26647481322288513,0.8871240019798279
oatmeal,55,image3,collar,219,217,0.4459623694419861,0.18248151242733002,0.75169438123703
oatmeal,55,image4,aquarium,220,217,0.5122685432434082,0.1790035367012024,0.6820840239524841
oil,56,image1,oil,221,221,1.0000001192092896,0.2583394944667816,1.0000001192092896
oil,56,image2,gel,222,221,0.617704451084137,0.202439084649086,0.8727298974990845
oil,56,image3,grain,223,221,0.6121251583099365,0.20728722214698792,0.8305005431175232
oil,56,image4,bassinet,224,221,0.557814359664917,0.176366925239563,0.6760318875312805
omelet,57,image1,omelet,225,225,0.9999997019767761,0.30245742201805115,1.0000001192092896
omelet,57,image2,pancake,226,225,0.7741779088973999,0.24322786927223206,0.8508425951004028
omelet,57,image3,clay,227,225,0.5251049995422363,0.19248390197753906,0.7549506425857544
omelet,57,image4,trunk,228,225,0.4958958327770233,0.12967534363269806,0.6493958234786987
otter,58,image1,otter,229,229,0.9999995231628418,0.3156239986419678,1.0000003576278687
otter,58,image2,beaver,230,229,0.896278440952301,0.28136733174324036,0.8381599187850952
otter,58,image3,goose,231,229,0.7358266711235046,0.15333126485347748,0.7524378895759583
otter,58,image4,tablecloth,232,229,0.41188734769821167,0.15359117090702057,0.6292386651039124
pajamas,59,image1,pajamas,233,233,0.9999997615814209,0.2488955408334732,1.0000003576278687
pajamas,59,image2,pants,234,233,0.7362831234931946,0.2082117795944214,0.8146414756774902
pajamas,59,image3,cage,235,233,0.44191765785217285,0.12999939918518066,0.6655858159065247
pajamas,59,image4,groundhog,236,233,0.40386632084846497,0.1530323028564453,0.5999473929405212
parsley,60,image1,parsley,237,237,1,0.31583040952682495,1.0000004768371582
parsley,60,image2,basil,238,237,0.7977625727653503,0.25537246465682983,0.8104698061943054
parsley,60,image3,tiara,239,237,0.54450923204422,0.21894361078739166,0.706247866153717
parsley,60,image4,kayak,240,237,0.4979233145713806,0.16509252786636353,0.6437624096870422
pie,61,image1,pie,241,241,0.9999993443489075,0.2541807293891907,0.9999996423721313
pie,61,image2,pizza,242,241,0.694595456123352,0.22116318345069885,0.8898031711578369
pie,61,image3,flashlight,243,241,0.4668980538845062,0.15951111912727356,0.77519291639328
pie,61,image4,sweater,244,241,0.5346456170082092,0.183819979429245,0.7303990125656128
pistachio,62,image1,pistachio,245,245,1.0000001192092896,0.29123982787132263,0.9999998211860657
pistachio,62,image2,avocado,246,245,0.8063120245933533,0.24445165693759918,0.8403468132019043
pistachio,62,image3,taco,247,245,0.5898786187171936,0.16715024411678314,0.798484206199646
pistachio,62,image4,bagpipe,248,245,0.4832005798816681,0.16007034480571747,0.6134461164474487
pitcher,63,image1,pitcher,249,249,1.0000003576278687,0.300025075674057,1.0000004768371582
pitcher,63,image2,batter,250,249,0.6467243432998657,0.26416516304016113,0.8491618633270264
pitcher,63,image3,tumbleweed,251,249,0.5781847238540649,0.21411795914173126,0.6460887789726257
pitcher,63,image4,medal,252,249,0.6427834033966064,0.21588322520256042,0.6688235998153687
potato,64,image1,potato,253,253,0.9999999403953552,0.29326146841049194,0.9999996423721313
potato,64,image2,pot,254,253,0.5770954489707947,0.18976853787899017,0.8929474949836731
potato,64,image3,glasses,255,253,0.5220823884010315,0.1873164176940918,0.7486660480499268
potato,64,image4,dragonfly,256,253,0.5051091313362122,0.1605995148420334,0.7073934674263
prism,65,image1,prism,257,257,1.000000238418579,0.3179849684238434,0.9999996423721313
prism,65,image2,radar,258,257,0.5411024689674377,0.1898317039012909,0.829875648021698
prism,65,image3,subway,259,257,0.45755019783973694,0.19868434965610504,0.7016496658325195
prism,65,image4,chinchilla,260,257,0.4757688641548157,0.16714262962341309,0.6646497845649719
prune,66,image1,prune,261,261,0.9999999403953552,0.26030150055885315,1
prune,66,image2,raisin,262,261,0.8207303881645203,0.25186431407928467,0.8519437909126282
prune,66,image3,headrest,263,261,0.5134950280189514,0.19778813421726227,0.7368120551109314
prune,66,image4,jukebox,264,261,0.4699242115020752,0.16382957994937897,0.6658975481987
puddle,67,image1,puddle,265,265,0.9999998211860657,0.2937236428260803,0.9999995231628418
puddle,67,image2,bubble,266,265,0.5640807747840881,0.21639133989810944,0.848574161529541
puddle,67,image3,baseball,267,265,0.49833205342292786,0.1976103037595749,0.7507526278495789
puddle,67,image4,salami,268,265,0.44322818517684937,0.1460632085800171,0.6674463748931885
pump,68,image1,pump,269,269,1.0000001192092896,0.23890121281147003,0.9999995231628418
pump,68,image2,plug,270,269,0.6235364079475403,0.19821730256080627,0.8996989130973816
pump,68,image3,coat,271,269,0.61232590675354,0.19112727046012878,0.7798281311988831
pump,68,image4,scarf,272,269,0.6124991774559021,0.16845820844173431,0.7030574083328247
rice,69,image1,rice,273,273,0.9999994039535522,0.3220122456550598,0.9999998807907104
rice,69,image2,dice,274,273,0.5678794384002686,0.21395806968212128,0.8922399878501892
rice,69,image3,box,275,273,0.5893972516059875,0.18763956427574158,0.8374600410461426
rice,69,image4,bedpost,276,273,0.47490429878234863,0.18990835547447205,0.7272776365280151
saddle,70,image1,saddle,277,277,1.0000003576278687,0.3004950284957886,1.0000003576278687
saddle,70,image2,handle,278,277,0.5723257064819336,0.2150387465953827,0.8710727095603943
saddle,70,image3,figurine,279,277,0.5522531270980835,0.2068997174501419,0.7990756034851074
saddle,70,image4,broccoli,280,277,0.47633516788482666,0.19381307065486908,0.70484161376953125
sandbag,71,image1,sandbag,281,281,1.0000001192092896,0.2922547459602356,0.9999998807907104
sandbag,71,image2,sandpaper,282,281,0.6652339100837708,0.264666885137558,0.8534135222434998
sandbag,71,image3,valve,283,281,0.662996232509613,0.212639719247818,0.7541226744651794
sandbag,71,image4,octopus,284,281,0.5618007779121399,0.17931585013866425,0.6605399250984192
sauerkraut,72,image1,sauerkraut,285,285,1.000000238418579,0.28383976221084595,1.0000007152557373
sauerkraut,72,image2,potpourri,286,285,0.5558531880378723,0.18903706967830658,0.7794991731643677
sauerkraut,72,image3,dashboard,287,285,0.44511470198631287,0.16750413179397583,0.654407799243927
sauerkraut,72,image4,clove,288,285,0.5810494422912598,0.1914476901292801,0.5930497646331787
scaffolding,73,image1,scaffolding,289,289,0.999999463558197,0.2882310152053833,1
scaffolding,73,image2,satellite,290,289,0.6052254438400269,0.19636565446853638,0.8112573623657227
scaffolding,73,image3,veil,291,289,0.5753220915794373,0.18085278570652008,0.7073097229003906
scaffolding,73,image4,antelope,292,289,0.5552335381507874,0.1715191751718521,0.6542258858680725
scoop,74,image1,scoop,293,293,1.000000238418579,0.1962224692106247,0.9999998211860657
scoop,74,image2,sauce,294,293,0.5597807765007019,0.21610525250434875,0.9237205982208252
scoop,74,image3,statue,295,293,0.534431517124176,0.19423291087150574,0.7931662797927856
scoop,74,image4,cauliflower,296,293,0.5102407336235046,0.2010156810283661,0.733833372592926
seagull,75,image1,seagull,297,297,1.0000003576278687,0.3237300217151642,0.999999463558197
seagull,75,image2,pigeon,298,297,0.8182803392410278,0.2434663027524948,0.8744833469390869
seagull,75,image3,lobster,299,297,0.603845477104187,0.13451847434043884,0.7231445908546448
seagull,75,image4,perfume,300,297,0.40308111906051636,0.14736424386501312,0.6574344635009766
ship,76,image1,ship,301,301,0.9999999403953552,0.2786436975002289,1
ship,76,image2,boat,302,301,0.6820759177207947,0.27421095967292786,0.9180573225021362
ship,76,image3,nose,303,301,0.4519020617008209,0.18421407043933868,0.8543139100074768
ship,76,image4,zucchini,304,301,0.4896058738231659,0.21107667684555054,0.7355554699897766
shower,77,image1,shower,305,305,1.0000005960464478,0.2866717278957367,0.9999995827674866
shower,77,image2,soap,306,305,0.49023815989494324,0.1869385689496994,0.8512200713157654
shower,77,image3,toe,307,305,0.5634429454803467,0.19294112920761108,0.7336642146110535
shower,77,image4,cantaloupe,308,305,0.4889817237854004,0.17453241348266602,0.6771008372306824
silverware,78,image1,silverware,309,309,1.000000238418579,0.2957238554954529,1.0000003576278687
silverware,78,image2,trophy,310,309,0.570594310760498,0.2565233111381531,0.890676736831665
silverware,78,image3,garlic,311,309,0.634354829788208,0.19506075978279114,0.7588256597518921
silverware,78,image4,eggnog,312,309,0.5410861372947693,0.19356165826320648,0.7062619924545288
sink,79,image1,sink,313,313,1.000000238418579,0.28380995988845825,0.9999997615814209
sink,79,image2,toilet,314,313,0.865047812461853,0.2412121444940567,0.8498384356498718
sink,79,image3,stair,315,313,0.6694350242614746,0.2039327174425125,0.7528042793273926
sink,79,image4,knitting,316,313,0.5369920134544373,0.16221368312835693,0.6892831921577454
ski,80,image1,ski,317,317,0.9999995231628418,0.24690620601177216,1
ski,80,image2,ice,318,317,0.5830757021903992,0.21797850728034973,0.8718854784965515
ski,80,image3,suitcase,319,317,0.6125659346580505,0.16659803688526154,0.7440460324287415
ski,80,image4,pincushion,320,317,0.4587688148021698,0.17348213493824005,0.6686849594116211
sloth,81,image1,sloth,321,321,1.0000003576278687,0.2973715662956238,0.9999996423721313
sloth,81,image2,donkey,322,321,0.6695290207862854,0.16601882874965668,0.7999420166015625
sloth,81,image3,clam,323,321,0.5762643218040466,0.14618147909641266,0.7797226905822754
sloth,81,image4,incense,324,321,0.5501223802566528,0.14026698470115662,0.6562741994857788
snail,82,image1,snail,325,325,0.9999997615814209,0.32534974813461304,0.999999463558197
snail,82,image2,worm,326,325,0.685111403465271,0.2185121774673462,0.8664930462837219
snail,82,image3,cow,327,325,0.6503896713256836,0.17610380053520203,0.7633545994758606
snail,82,image4,visor,328,325,0.4840181767940521,0.20556266605854034,0.6832910776138306
sorbet,83,image1,sorbet,329,329,0.999999463558197,0.25749167799949646,1.0000003576278687
sorbet,83,image2,palette,330,329,0.607904851436615,0.18861040472984314,0.794256329536438
sorbet,83,image3,tamale,331,329,0.6076534986495972,0.19358859956264496,0.7118043899536133
sorbet,83,image4,chive,332,329,0.5649638772010803,0.1814122498035431,0.6685366034507751
spatula,84,image1,spatula,333,333,0.9999995231628418,0.27486005425453186,1.0000004768371582
spatula,84,image2,paddle,334,333,0.6626228094100952,0.2490849494934082,0.8328116536140442
spatula,84,image3,lava,335,333,0.567949116230011,0.19559608399868011,0.6717185974121094
spatula,84,image4,pheasant,336,333,0.4451248049736023,0.18095166981220245,0.6646808981895447
sprinkler,85,image1,sprinkler,337,337,1.0000005960464478,0.2912689447402954,0.9999993443489075
sprinkler,85,image2,sparkler,338,337,0.5740034580230713,0.22116148471832275,0.8397837281227112
sprinkler,85,image3,flower,339,337,0.5544041395187378,0.2191283404827118,0.7876583933830261
sprinkler,85,image4,charcoal,340,337,0.5947174429893494,0.19051776826381683,0.6883265972137451
squash,86,image1,squash,341,341,1.0000005960464478,0.27576756477355957,0.9999997019767761
squash,86,image2,pumpkin,342,341,0.811318576335907,0.25660407543182373,0.858348548412323
squash,86,image3,branch,343,341,0.6258960366249084,0.1789282113313675,0.7509667277336121
squash,86,image4,gazelle,344,341,0.47928792238235474,0.1740233600139618,0.6954467296600342
squirrel,87,image1,squirrel,345,345,1,0.28156760334968567,0.9999996423721313
squirrel,87,image2,monkey,346,345,0.6799506545066833,0.20686691999435425,0.8737595081329346
squirrel,87,image3,eagle,347,345,0.6694418787956238,0.203670933842659,0.8291919231414795
squirrel,87,image4,shorts,348,345,0.5582420229911804,0.18439516425132751,0.700871467590332
stew,88,image1,stew,349,349,1,0.2620089054107666,1.0000003576278687
stew,88,image2,soup,350,349,0.7791126370429993,0.2277938574552536,0.8883230686187744
stew,88,image3,mixer,351,349,0.6016637682914734,0.186692014336586,0.8077188730239868
stew,88,image4,orchid,352,349,0.5633953213691711,0.17008019983768463,0.6950244307518005
stretcher,89,image1,stretcher,353,353,0.9999999403953552,0.2788639962673187,0.9999999403953552
stretcher,89,image2,drill,354,353,0.5524861216545105,0.20832650363445282,0.834480345249176
stretcher,89,image3,thermostat,355,353,0.5281071662902832,0.18264319002628326,0.7200524210929871
stretcher,89,image4,vase,356,353,0.5499017834663391,0.17926989495754242,0.66274493932724
stump,90,image1,stump,357,357,0.9999998807907104,0.27288392186164856,0.9999997019767761
stump,90,image2,log,358,357,0.6640852689743042,0.22970999777317047,0.8448954820632935
stump,90,image3,bookshelf,359,357,0.49346449971199036,0.17053790390491486,0.7533934712409973
stump,90,image4,showerhead,360,357,0.5698891878128052,0.15151166915893555,0.6739398837089539
sunflower,91,image1,sunflower,361,361,1,0.30293816328048706,1
sunflower,91,image2,pineapple,362,361,0.7220463752746582,0.21045556664466858,0.8387582302093506
sunflower,91,image3,rim,363,361,0.5067372918128967,0.17705798149108887,0.7061057686805725
sunflower,91,image4,pinball,364,361,0.5877521634101868,0.14344550669193268,0.6661198735237122
swordfish,92,image1,swordfish,365,365,0.9999992847442627,0.29211121797561646,0.9999998807907104
swordfish,92,image2,catfish,366,365,0.7004216313362122,0.25611400604248047,0.8104799389839172
swordfish,92,image3,leopard,367,365,0.5766978859901428,0.1924196481704712,0.7151535749435425
swordfish,92,image4,graffiti,368,365,0.44775500893592834,0.22088922560214996,0.6568255424499512
taillight,93,image1,taillight,369,369,0.9999999403953552,0.293361634016037,0.9999997615814209
taillight,93,image2,bumper,370,369,0.7749701142311096,0.2792033851146698,0.8341780304908752
taillight,93,image3,luggage,371,369,0.5902548432350159,0.1872365027666092,0.7645902633666992
taillight,93,image4,sushi,372,369,0.5117795467376709,0.1781235635280609,0.6534498929977417
tapestry,94,image1,tapestry,373,373,0.9999998807907104,0.30289074778556824,1
tapestry,94,image2,backdrop,374,373,0.5902341604232788,0.21860922873020172,0.8500694632530212
tapestry,94,image3,leggings,375,373,0.39769884943962097,0.18283112347126007,0.7101686000823975
tapestry,94,image4,forklift,376,373,0.45190665125846863,0.14003489911556244,0.6532018780708313
teabag,95,image1,teabag,377,377,1.0000003576278687,0.3181619942188263,0.9999998807907104
teabag,95,image2,tea,378,377,0.6557952761650085,0.246663898229599,0.8774236440658569
teabag,95,image3,fingerprint,379,377,0.5948007702827454,0.18992824852466583,0.7342484593391418
teabag,95,image4,braid,380,377,0.5711192488670349,0.17388194799423218,0.6776533722877502
teapot,96,image1,teapot,381,381,1.0000001192092896,0.3163844347000122,0.9999999403953552
teapot,96,image2,teacup,382,381,0.7489705085754395,0.261694997549057,0.8870221376419067
teapot,96,image3,brake,383,381,0.4885367155075073,0.18756304681301117,0.7947994470596313
teapot,96,image4,bookmark,384,381,0.5425145030021667,0.19322335720062256,0.6811861991882324
telescope,97,image1,telescope,385,385,1.0000003576278687,0.2921260893344879,1.0000005960464478
telescope,97,image2,tripod,386,385,0.7330576777458191,0.25304895639419556,0.8084163665771484
telescope,97,image3,windshield,387,385,0.5755013823509216,0.20724307000637054,0.7147632837295532
telescope,97,image4,anklet,388,385,0.5031992197036743,0.1850327104330063,0.6221133470535278
thermos,98,image1,thermos,389,389,1.0000001192092896,0.3216472864151001,0.9999997019767761
thermos,98,image2,oilcan,390,389,0.665191650390625,0.20975574851036072,0.8256717324256897
thermos,98,image3,firewood,391,389,0.5381271839141846,0.18659338355064392,0.76087886095047
thermos,98,image4,coral,392,389,0.581152617931366,0.18013569712638855,0.6702349185943604
treasure,99,image1,treasure,393,393,0.9999993443489075,0.241821750998497,0.9999999403953552
treasure,99,image2,gift,394,393,0.598913848400116,0.22926102578639984,0.9176597595214844
treasure,99,image3,rope,395,393,0.6583163738250732,0.20773161947727203,0.8208787441253662
treasure,99,image4,lamp,396,393,0.6402676105499268,0.20191143453121185,0.740589439868927
trumpet,100,image1,trumpet,397,397,0.9999997615814209,0.2913086414337158,1
trumpet,100,image2,flute,398,397,0.7117530107498169,0.25609391927719116,0.8703696727752686
trumpet,100,image3,violin,399,397,0.6761037707328796,0.24416330456733704,0.8395089507102966
trumpet,100,image4,coleslaw,400,397,0.48741641640663147,0.16858097910881042,0.6894859671592712
tulip,101,image1,tulip,401,401,0.9999998807907104,0.28490203619003296,1.0000001192092896
tulip,101,image2,rose,402,401,0.8720820546150208,0.2468077391386032,0.784827470779419
tulip,101,image3,glove,403,401,0.6987307071685791,0.1909647136926651,0.6978798508644104
tulip,101,image4,hubcap,404,401,0.5718234777450562,0.20419520139694214,0.6228629946708679
turbine,102,image1,turbine,405,405,1,0.2971854507923126,0.9999997019767761
turbine,102,image2,generator,406,405,0.5413703918457031,0.20317357778549194,0.8373510837554932
turbine,102,image3,tab,407,405,0.6018050312995911,0.21308302879333496,0.7657102942466736
turbine,102,image4,pesto,408,405,0.4950203001499176,0.17748156189918518,0.6986016035079956
turkey,103,image1,turkey,409,409,1.0000001192092896,0.30646494030952454,0.9999997019767761
turkey,103,image2,goat,410,409,0.7228983640670776,0.22025425732135773,0.8435425162315369
turkey,103,image3,swan,411,409,0.728760838508606,0.2303861528635025,0.8100228309631348
turkey,103,image4,pencil,412,409,0.5989484190940857,0.20762403309345245,0.724309504032135
turtle,104,image1,turtle,413,413,0.9999996423721313,0.2694394290447235,0.9999995827674866
turtle,104,image2,frog,414,413,0.7452210783958435,0.24352039396762848,0.8769702911376953
turtle,104,image3,horse,415,413,0.6333146691322327,0.17379242181777954,0.8289006352424622
turtle,104,image4,railing,416,413,0.5619422793388367,0.20578965544700623,0.7044957280158997
tuxedo,105,image1,tuxedo,417,417,1.0000001192092896,0.28428420424461365,1.000000238418579
tuxedo,105,image2,suit,418,417,0.7547620534896851,0.25184983015060425,0.7787375450134277
tuxedo,105,image3,stroller,419,417,0.5267753005027771,0.15316900610923767,0.6748911142349243
tuxedo,105,image4,moccasin,420,417,0.5257357358932495,0.15442723035812378,0.6112580299377441
typewriter,106,image1,typewriter,421,421,0.9999997615814209,0.2966078221797943,0.9999998211860657
typewriter,106,image2,printer,422,421,0.6492412090301514,0.24252758920192719,0.8678796291351318
typewriter,106,image3,sunglasses,423,421,0.6361973881721497,0.1888577789068222,0.7265181541442871
typewriter,106,image4,drumstick,424,421,0.6178160905838013,0.1987013965845108,0.6738043427467346
watermelon,107,image1,watermelon,425,425,1.0000001192092896,0.3032339811325073,0.9999997615814209
watermelon,107,image2,strawberry,426,425,0.8353062868118286,0.2316085249185562,0.8640343546867371
watermelon,107,image3,screwdriver,427,425,0.5717602372169495,0.16437967121601105,0.7175845503807068
watermelon,107,image4,crane,428,425,0.5726315975189209,0.1446567177772522,0.6750724911689758
waterwheel,108,image1,waterwheel,429,429,0.9999999403953552,0.32481417059898376,1.0000003576278687
waterwheel,108,image2,pinwheel,430,429,0.505996584892273,0.20903454720973969,0.781843900680542
waterwheel,108,image3,target,431,429,0.6451756358146667,0.21421657502651215,0.7351632714271545
waterwheel,108,image4,boa,432,429,0.5625072121620178,0.19402697682380676,0.6188468337059021
ant,109,image1,ant,433,433,1.0000001192092896,0.2997777462005615,1
ant,109,image2,muffin,434,433,0.5026004314422607,0.19239403307437897,0.744990885257721
ant,109,image3,raspberry,435,433,0.5394338965415955,0.18754369020462036,0.7520775198936462
ant,109,image4,mint,436,433,0.6793979406356812,0.17069613933563232,0.7737401127815247
ball,110,image1,ball,437,437,0.9999999403953552,0.28951147198677063,1.0000001192092896
ball,110,image2,pen,438,437,0.6396345496177673,0.2041640430688858,0.8380240797996521
ball,110,image3,peach,439,437,0.5849095582962036,0.20726893842220306,0.81380462646484375
ball,110,image4,snack,440,437,0.5824262499809265,0.17110399901866913,0.874563455581665
bear,111,image1,bear,441,441,1.0000001192092896,0.28671130537986755,1.0000001192092896
bear,111,image2,mirror,442,441,0.5024963021278381,0.17801253497600555,0.7527288198471069
bear,111,image3,saw,443,441,0.5774043202400208,0.20982898771762848,0.8525859713554382
bear,111,image4,bell,444,441,0.549494743347168,0.1904260516166687,0.8452621102333069
duck,112,image1,duck,445,445,1,0.30697089433670044,0.9999998807907104
duck,112,image2,tongue,446,445,0.6090052723884583,0.1931304931640625,0.7576685547828674
duck,112,image3,ladder,447,445,0.5541375279426575,0.1724013388156891,0.7718983888626099
duck,112,image4,snake,448,445,0.6173631548881531,0.18293236196041107,0.8624990582466125
fork,113,image1,fork,449,449,0.9999997615814209,0.3250747323036194,1.0000001192092896
fork,113,image2,crow,450,449,0.5761454701423645,0.2194097489118576,0.764832615852356
fork,113,image3,wagon,451,449,0.5769608616828918,0.1865268349647522,0.7658513784408569
fork,113,image4,bead,452,449,0.6463636755943298,0.17263957858085632,0.7996706366539001
kitten,114,image1,kitten,453,453,0.9999997019767761,0.27877408266067505,1.0000005960464478
kitten,114,image2,wrist,454,453,0.5270503163337708,0.18550343811511993,0.7445306777954102
kitten,114,image3,pillow,455,453,0.5199300646781921,0.137725368142128,0.7533095479011536
kitten,114,image4,mattress,456,453,0.5249075293540955,0.17121104896068573,0.7384570240974426
knee,115,image1,knee,457,457,1.0000005960464478,0.2739125192165375,0.9999997615814209
knee,115,image2,face,458,457,0.5198248028755188,0.19937042891979218,0.8426097631454468
knee,115,image3,leash,459,457,0.5103897452354431,0.18757294118404388,0.7765687108039856
knee,115,image4,sock,460,457,0.5195487141609192,0.19969651103019714,0.8557565212249756
milkshake,116,image1,milkshake,461,461,0.9999996423721313,0.2888660132884979,1
milkshake,116,image2,pan,462,461,0.5455260276794434,0.17173977196216583,0.7199717164039612
milkshake,116,image3,needle,463,461,0.469029039144516,0.18323469161987305,0.738047182559967
milkshake,116,image4,gate,464,461,0.4167105257511139,0.14570371806621552,0.701401948928833
skin,117,image1,skin,465,465,0.9999997615814209,0.2851216793060303,0.9999989867210388
skin,117,image2,cardboard,466,465,0.5929360389709473,0.20940150320529938,0.8281157612800598
skin,117,image3,drum,467,465,0.5126416683197021,0.19517937302589417,0.8616681694984436
skin,117,image4,clock,468,465,0.4343782663345337,0.16989591717720032,0.8483680486679077
wall,118,image1,wall,469,469,0.9999995827674866,0.3040449619293213,0.9999996423721313
wall,118,image2,knob,470,469,0.5392261147499084,0.23377345502376556,0.8031181693077087
wall,118,image3,sponge,471,469,0.527000904083252,0.26276835799217224,0.7361045479774475
wall,118,image4,robot,472,469,0.5046414732933044,0.22846652567386627,0.8169045448303223
wheel,119,image1,wheel,473,473,1.000000238418579,0.2840521037578583,0.9999996423721313
wheel,119,image2,fish,474,473,0.4866897463798523,0.19067373871803284,0.8359256982803345
wheel,119,image3,bowl,475,473,0.6262670159339905,0.20417717099189758,0.8562021851539612
wheel,119,image4,meat,476,473,0.5880880951881409,0.19411200284957886,0.8355516195297241
