word,method,failed,coverage,mean_dist_to_white,self_sim
acorn,rembg_u2net,False,0.1799888888888889,0.09964637458324432,0.874422
album,rembg_u2net,False,0.47228888888888887,0.18755120038986206,0.844007
almond,rembg_u2net,False,0.7359888888888889,0.21962487697601318,0.853906
aloe,rembg_u2net,False,0.3426666666666667,0.17409995198249817,0.930566
amber,rembg_u2net,False,0.6571444444444444,0.49926862120628357,0.942342
amplifier,rembg_u2net,False,0.21788888888888888,0.10455886274576187,0.735771
anklet,FALLBACK_ORIGINAL,True,0.9999888888888889,0.5466302633285522,1.000000
anteater,rembg_u2net,False,0.3037666666666667,0.19046200811862946,0.812335
antelope,rembg_u2net,False,0.1556,0.07309909164905548,0.883787
antenna,rembg_u2net,False,0.07007777777777778,0.05001206696033478,0.757802
anvil,rembg_u2net,False,0.4116111111111111,0.22402428090572357,0.893368
apron,rembg_u2net,False,0.6577666666666667,0.3450395464897156,0.941989
aquarium,rembg_u2net,False,0.44075555555555557,0.23988395929336548,0.917444
arm,rembg_u2net,False,0.13684444444444444,0.06709061563014984,0.805076
artichoke,rembg_u2net,False,0.3360111111111111,0.23335577547550201,0.898396
asparagus,rembg_u2net,False,0.7638222222222222,0.4555520713329315,0.956039
avocado,rembg_u2net,False,0.3538,0.19809658825397491,0.952143
backdrop,rembg_u2net,False,0.49903333333333333,0.13735342025756836,0.829245
backgammon,rembg_u2net,False,0.0695111111111111,0.029079511761665344,0.737697
backscratcher,rembg_u2net,False,0.08578888888888889,0.031242821365594864,0.749880
bagpipe,rembg_u2net,False,0.2600777777777778,0.15866951644420624,0.856691
bamboo,rembg_u2net,False,0.17427777777777778,0.08181913942098618,0.651903
bandanna,rembg_u2net,False,0.1405,0.08801072835922241,0.681826
banner,rembg_u2net,False,0.5498777777777778,0.12032853811979294,0.783026
barrel,rembg_u2net,False,0.3619777777777778,0.25450897216796875,0.812575
baseball,rembg_u2net,False,0.1207,0.0396471843123436,0.873671
basil,rembg_u2net,False,0.20495555555555556,0.09907867014408112,0.829255
basket,rembg_u2net,False,0.3912777777777778,0.11487971991300583,0.717010
bassinet,rembg_u2net,False,0.6093777777777778,0.4342885911464691,0.897732
bathtub,rembg_u2net,False,0.3987111111111111,0.1252935528755188,0.917851
batter,rembg_u2net,False,0.7366666666666667,0.3304128348827362,0.848162
battery,rembg_u2net,False,0.5183666666666666,0.2035958617925644,0.798490
beaker,rembg_u2net,False,0.4034888888888889,0.23483461141586304,0.865346
beaver,rembg_u2net,False,0.4989777777777778,0.2893224358558655,0.956398
bed,rembg_u2net,False,0.32224444444444444,0.11957923322916031,0.804808
bedpost,rembg_u2net,False,0.33724444444444446,0.25164929032325745,0.740406
bee,rembg_u2net,False,0.1165,0.06813943386077881,0.849236
binoculars,rembg_u2net,False,0.3761111111111111,0.2990152835845947,0.906880
blender,rembg_u2net,False,0.2683111111111111,0.09468060731887817,0.928503
blind,rembg_u2net,False,0.14501111111111112,0.02084602788090706,0.758935
blower,rembg_u2net,False,0.31904444444444446,0.24028217792510986,0.842754
boa,rembg_u2net,False,0.39703333333333335,0.23641154170036316,0.838027
boat,rembg_u2net,False,0.3537444444444444,0.2833414375782013,0.863884
bobsled,rembg_u2net,False,0.14572222222222223,0.10667508840560913,0.803751
bone,rembg_u2net,False,0.17313333333333333,0.06638363748788834,0.739149
bonsai,rembg_u2net,False,0.4060666666666667,0.2580249607563019,0.949659
book,rembg_u2net,False,0.2190888888888889,0.06384053826332092,0.881113
bookmark,rembg_u2net,False,0.18544444444444444,0.09004618972539902,0.906539
bookshelf,rembg_u2net,False,0.8125666666666667,0.5114393830299377,0.921056
boulder,rembg_u2net,False,0.5419444444444445,0.2666546106338501,0.800076
bouquet,rembg_u2net,False,0.16382222222222223,0.0832056775689125,0.768251
box,rembg_u2net,False,0.49906666666666666,0.26290515065193176,0.788918
bracket,rembg_u2net,False,0.2404888888888889,0.14169396460056305,0.867908
braid,rembg_u2net,False,0.6635333333333333,0.4495147466659546,0.959160
brake,rembg_u2net,False,0.5979,0.32989245653152466,0.914411
branch,rembg_u2net,False,0.1366888888888889,0.09072158485651016,0.725911
broccoli,rembg_u2net,False,0.24373333333333333,0.11586301028728485,0.781126
bubble,rembg_u2net,False,0.4427111111111111,0.24173659086227417,0.788509
bucket,rembg_u2net,False,0.15991111111111111,0.09187155216932297,0.759804
buffet,rembg_u2net,False,0.4417333333333333,0.1625823825597763,0.616853
buggy,rembg_u2net,False,0.6121888888888889,0.32772406935691833,0.759190
bulldozer,rembg_u2net,False,0.4468888888888889,0.2990988790988922,0.820865
bumper,rembg_u2net,False,0.49125555555555556,0.1875915378332138,0.700712
burner,rembg_u2net,False,0.30646666666666667,0.12887194752693176,0.826783
butter,rembg_u2net,False,0.3516222222222222,0.1515769511461258,0.900268
cabinet,FALLBACK_ORIGINAL,True,0.9859,0.2991352677345276,1.000000
cable,rembg_u2net,False,0.8325666666666667,0.567852795124054,0.921531
cactus,rembg_u2net,False,0.4894222222222222,0.23556222021579742,0.915582
cage,rembg_u2net,False,0.2200777777777778,0.18760867416858673,0.651064
cake,rembg_u2net,False,0.6059111111111111,0.3598800301551819,0.949553
candle,rembg_u2net,False,0.38615555555555553,0.2848239839076996,0.671673
candlestick,rembg_u2net,False,0.10224444444444444,0.05139225721359253,0.878873
candy,rembg_u2net,False,0.19126666666666667,0.11635733395814896,0.760343
cantaloupe,rembg_u2net,False,0.6173333333333333,0.20264099538326263,0.900056
caramel,rembg_u2net,False,0.6697,0.41813915967941284,0.970958
card,rembg_u2net,False,0.34934444444444446,0.172810897231102,0.958134
cardigan,rembg_u2net,False,0.6137111111111111,0.5171366333961487,0.967467
carousel,FALLBACK_ORIGINAL,True,0.9843222222222222,0.6227604746818542,1.000000
carriage,rembg_u2net,False,0.5440777777777778,0.2052183598279953,0.822993
carrot,rembg_u2net,False,0.5851333333333333,0.31626248359680176,0.875193
cassette,rembg_u2net,False,0.14427777777777778,0.0658467710018158,0.712677
catfish,rembg_u2net,False,0.5038777777777778,0.22934271395206451,0.930283
cauliflower,rembg_u2net,False,0.4376888888888889,0.12471161782741547,0.863643
cello,rembg_u2net,False,0.43514444444444444,0.240769624710083,0.912261
centerpiece,rembg_u2net,False,0.44414444444444445,0.27686604857444763,0.942541
cereal,rembg_u2net,False,0.5072666666666666,0.1573350429534912,0.926811
chalk,rembg_u2net,False,0.30423333333333336,0.11732997000217438,0.825966
charcoal,rembg_u2net,False,0.3161777777777778,0.19556201994419098,0.831533
charger,rembg_u2net,False,0.6344666666666666,0.1805860698223114,0.806071
cheese,rembg_u2net,False,0.28205555555555556,0.09423055499792099,0.896789
chin,rembg_u2net,False,0.3382,0.05870002135634422,0.700061
chinchilla,rembg_u2net,False,0.5494333333333333,0.3135015666484833,0.909905
chipmunk,rembg_u2net,False,0.26986666666666664,0.1552538424730301,0.863579
chive,FALLBACK_ORIGINAL,True,0.9891222222222222,0.6676745414733887,1.000000
cilantro,rembg_u2net,False,0.054766666666666665,0.026355452835559845,0.552842
cinnamon,rembg_u2net,False,0.40896666666666665,0.21756577491760254,0.876411
clam,rembg_u2net,False,0.5654,0.3269881010055542,0.920734
clarinet,rembg_u2net,False,0.1497777777777778,0.06563709676265717,0.603371
clay,rembg_u2net,False,0.27971111111111113,0.11686508357524872,0.740155
clipboard,rembg_u2net,False,0.34878888888888887,0.12654781341552734,0.965617
cloak,rembg_u2net,False,0.6888111111111112,0.5858598947525024,0.896337
clothesline,rembg_u2net,False,0.36844444444444446,0.1547481268644333,0.776894
clothespin,rembg_u2net,False,0.5062888888888889,0.25805866718292236,0.881133
clove,rembg_u2net,False,0.06621111111111111,0.043672360479831696,0.772200
coaster,rembg_u2net,False,0.6675777777777778,0.39095091819763184,0.855619
coat,rembg_u2net,False,0.7101444444444445,0.537649929523468,0.931548
coconut,rembg_u2net,False,0.3644222222222222,0.23074817657470703,0.901672
coleslaw,rembg_u2net,False,0.6305444444444445,0.2542415261268616,0.957490
collar,rembg_u2net,False,0.42365555555555556,0.28078240156173706,0.835976
compost,rembg_u2net,False,0.5673222222222222,0.3112291693687439,0.832252
cooler,rembg_u2net,False,0.6746444444444445,0.3199838399887085,0.907221
coral,rembg_u2net,False,0.19956666666666667,0.03477412462234497,0.658696
cork,rembg_u2net,False,0.3539555555555556,0.17427100241184235,0.941919
corn,rembg_u2net,False,0.5125888888888889,0.274894654750824,0.910335
cornbread,rembg_u2net,False,0.6060777777777778,0.31063953042030334,0.939860
corset,rembg_u2net,False,0.3537444444444444,0.2253122329711914,0.859414
counter,FALLBACK_ORIGINAL,True,0.9745,0.69997638463974,1.000000
cow,rembg_u2net,False,0.24396666666666667,0.16956984996795654,0.890202
coyote,rembg_u2net,False,0.19127777777777777,0.09658141434192657,0.804708
crane,rembg_u2net,False,0.18746666666666667,0.07791364192962646,0.946000
crate,rembg_u2net,False,0.49545555555555554,0.22841130197048187,0.797802
crib,rembg_u2net,False,0.5162111111111111,0.18689069151878357,0.820010
crown,rembg_u2net,False,0.7039555555555556,0.4696018695831299,0.935728
crumb,FALLBACK_ORIGINAL,True,0.9995888888888889,0.34521326422691345,1.000000
cymbal,rembg_u2net,False,0.7101222222222222,0.40891849994659424,0.919577
dashboard,rembg_u2net,False,0.4557777777777778,0.27001631259918213,0.851683
dessert,rembg_u2net,False,0.2288777777777778,0.1319989413022995,0.874029
dice,rembg_u2net,False,0.20628888888888888,0.11245924234390259,0.903293
dip,rembg_u2net,False,0.5442333333333333,0.31205838918685913,0.846819
dish,rembg_u2net,False,0.38811111111111113,0.142361581325531,0.883352
dishwasher,rembg_u2net,False,0.34325555555555554,0.10090949386358261,0.788217
domino,rembg_u2net,False,0.36484444444444447,0.24968118965625763,0.859425
donkey,rembg_u2net,False,0.2799,0.14309512078762054,0.756484
doorbell,rembg_u2net,False,0.5143555555555556,0.332608699798584,0.934562
dough,rembg_u2net,False,0.17575555555555555,0.07686544954776764,0.834376
dragonfly,rembg_u2net,False,0.07865555555555556,0.036369189620018005,0.803862
drill,rembg_u2net,False,0.3411222222222222,0.1819971203804016,0.863809
drumstick,rembg_u2net,False,0.08275555555555555,0.02392462268471718,0.762700
dryer,rembg_u2net,False,0.5590888888888889,0.3631851375102997,0.738268
dumbwaiter,rembg_u2net,False,0.7395444444444444,0.4201696217060089,0.912394
dumpling,rembg_u2net,False,0.5724666666666667,0.1884382963180542,0.570204
dustpan,rembg_u2net,False,0.27192222222222223,0.16375643014907837,0.906968
eagle,rembg_u2net,False,0.25125555555555557,0.1523105651140213,0.883995
egg,rembg_u2net,False,0.37448888888888887,0.19337859749794006,0.911305
eggnog,rembg_u2net,False,0.16026666666666667,0.07501518726348877,0.795576
eggplant,rembg_u2net,False,0.5652222222222222,0.3375662863254547,0.814191
elbow,rembg_u2net,False,0.27455555555555555,0.06821101158857346,0.818599
fan,rembg_u2net,False,0.4754111111111111,0.2183854579925537,0.876700
ferry,rembg_u2net,False,0.33624444444444446,0.22664767503738403,0.822893
figurine,rembg_u2net,False,0.6438555555555555,0.388155460357666,0.931401
filter,rembg_u2net,False,0.5446,0.3725237548351288,0.799925
fingerprint,rembg_u2net,False,0.6893222222222222,0.19204556941986084,0.911010
firewood,rembg_u2net,False,0.1698888888888889,0.021708369255065918,0.600735
flan,rembg_u2net,False,0.4025888888888889,0.2383490949869156,0.906372
flashlight,rembg_u2net,False,0.3569888888888889,0.26488107442855835,0.871946
float,rembg_u2net,False,0.6961777777777778,0.486771821975708,0.877943
flower,rembg_u2net,False,0.4408222222222222,0.169430673122406,0.922210
flute,rembg_u2net,False,0.7002555555555555,0.3672027289867401,0.883747
foam,rembg_u2net,False,0.6641333333333334,0.08864574134349823,0.742472
fondue,rembg_u2net,False,0.5161222222222223,0.2965012192726135,0.810413
footbath,rembg_u2net,False,0.6997444444444444,0.2740537226200104,0.912584
forklift,rembg_u2net,False,0.38358888888888887,0.2575976252555847,0.912771
fox,rembg_u2net,False,0.446,0.2646235525608063,0.902338
freezer,rembg_u2net,False,0.6512444444444444,0.22448588907718658,0.805392
frog,rembg_u2net,False,0.2994222222222222,0.12191949039697647,0.874216
fruitcake,rembg_u2net,False,0.5586777777777778,0.31255513429641724,0.880917
fudge,rembg_u2net,False,0.7653777777777778,0.44274166226387024,0.952268
funnel,rembg_u2net,False,0.33087777777777777,0.18938520550727844,0.835829
fuse,rembg_u2net,False,0.5493222222222223,0.22043925523757935,0.939274
gargoyle,rembg_u2net,False,0.49756666666666666,0.39037173986434937,0.955984
garlic,rembg_u2net,False,0.6305222222222222,0.23716868460178375,0.945440
gazelle,rembg_u2net,False,0.21731111111111112,0.09517884254455566,0.933191
gel,rembg_u2net,False,0.3031333333333333,0.07532907277345657,0.841388
generator,rembg_u2net,False,0.7643555555555556,0.4310019612312317,0.892432
gift,rembg_u2net,False,0.3143444444444444,0.1353393793106079,0.955172
glasses,rembg_u2net,False,0.16603333333333334,0.07676469534635544,0.772979
glove,rembg_u2net,False,0.29727777777777775,0.1270911544561386,0.859163
goat,rembg_u2net,False,0.4583777777777778,0.20588186383247375,0.927844
gondola,rembg_u2net,False,0.1729111111111111,0.11277083307504654,0.657308
goose,rembg_u2net,False,0.27523333333333333,0.1561751514673233,0.898764
gorilla,rembg_u2net,False,0.35475555555555555,0.18958328664302826,0.909460
gourd,rembg_u2net,False,0.3604,0.1913187950849533,0.759170
graffiti,rembg_u2net,False,0.27564444444444447,0.12355715781450272,0.837949
grain,FALLBACK_ORIGINAL,True,1.0,0.6440944075584412,1.000000
grate,rembg_u2net,False,0.24736666666666668,0.05425284430384636,0.797148
groundhog,rembg_u2net,False,0.24014444444444444,0.09619563072919846,0.916767
gutter,rembg_u2net,False,0.21544444444444444,0.12434213608503342,0.716151
hammock,rembg_u2net,False,0.35584444444444446,0.13174346089363098,0.875578
hamster,rembg_u2net,False,0.19414444444444445,0.09557335078716278,0.870554
handle,rembg_u2net,False,0.05655555555555555,0.021979814395308495,0.789098
harmonica,rembg_u2net,False,0.5394666666666666,0.298349529504776,0.913323
harness,rembg_u2net,False,0.16334444444444443,0.04273729771375656,0.710209
headdress,rembg_u2net,False,0.4065,0.048533741384744644,0.688656
headrest,rembg_u2net,False,0.7112666666666667,0.4833170175552368,0.743567
hedgehog,rembg_u2net,False,0.42743333333333333,0.31509876251220703,0.927296
hippopotamus,rembg_u2net,False,0.4750888888888889,0.27877897024154663,0.895797
hoe,rembg_u2net,False,0.48405555555555557,0.20823070406913757,0.759179
hood,rembg_u2net,False,0.5384777777777778,0.2177506983280182,0.841744
hopscotch,rembg_u2net,False,0.4549111111111111,0.1390126347541809,0.758172
horn,rembg_u2net,False,0.25554444444444446,0.10447714477777481,0.832008
horse,rembg_u2net,False,0.3176111111111111,0.2170133739709854,0.828834
hubcap,rembg_u2net,False,0.5686666666666667,0.24694958329200745,0.884549
hummingbird,rembg_u2net,False,0.1506888888888889,0.06992094218730927,0.863813
hydrant,rembg_u2net,False,0.1499,0.10805349051952362,0.879015
ice,rembg_u2net,False,0.46947777777777777,0.1673010140657425,0.832360
iguana,rembg_u2net,False,0.5179777777777778,0.2874855399131775,0.902780
incense,FALLBACK_ORIGINAL,True,1.0,0.485582560300827,1.000000
jellyfish,rembg_u2net,False,0.4258888888888889,0.2638402283191681,0.815003
jersey,rembg_u2net,False,0.06397777777777777,0.03572648763656616,0.678709
jug,rembg_u2net,False,0.4828,0.2251584231853485,0.909303
jukebox,rembg_u2net,False,0.5588555555555555,0.32774436473846436,0.821715
kaleidoscope,rembg_u2net,False,0.3330222222222222,0.1642073690891266,0.621521
kayak,rembg_u2net,False,0.16671111111111112,0.09532443434000015,0.821540
key,rembg_u2net,False,0.3061333333333333,0.14803414046764374,0.980783
kimono,rembg_u2net,False,0.28621111111111114,0.14871767163276672,0.815107
knitting,rembg_u2net,False,0.4006111111111111,0.2528180480003357,0.959876
koala,rembg_u2net,False,0.5509444444444445,0.26697397232055664,0.929679
ladybug,FALLBACK_ORIGINAL,True,0.9991444444444444,0.46304115653038025,1.000000
lamp,rembg_u2net,False,0.1277222222222222,0.07328004390001297,0.790742
lantern,rembg_u2net,False,0.31427777777777777,0.19808588922023773,0.875116
latch,rembg_u2net,False,0.37714444444444445,0.10634975880384445,0.842128
lava,rembg_u2net,False,0.3368555555555556,0.20196573436260223,0.813272
leek,rembg_u2net,False,0.22045555555555554,0.058754753321409225,0.855306
leggings,rembg_u2net,False,0.2452888888888889,0.184354767203331,0.899592
leopard,rembg_u2net,False,0.4703777777777778,0.2749055027961731,0.931528
lobster,rembg_u2net,False,0.5890111111111112,0.420640766620636,0.920877
lock,rembg_u2net,False,0.4544111111111111,0.21783560514450073,0.909692
locker,rembg_u2net,False,0.7272444444444445,0.5777041912078857,0.922056
log,rembg_u2net,False,0.10048888888888889,0.054731257259845734,0.664476
lollipop,rembg_u2net,False,0.10368888888888889,0.048141151666641235,0.743564
luggage,rembg_u2net,False,0.5597111111111112,0.38773152232170105,0.918164
lumber,rembg_u2net,False,0.7915777777777778,0.2805834114551544,0.883409
mailbox,rembg_u2net,False,0.5463222222222223,0.2231452763080597,0.838114
mallet,rembg_u2net,False,0.20766666666666667,0.0803331732749939,0.844362
mandolin,rembg_u2net,False,0.2117,0.11670411378145218,0.952513
mango,rembg_u2net,False,0.3044,0.15195588767528534,0.901838
mantle,rembg_u2net,False,0.34986666666666666,0.25364425778388977,0.937482
map,rembg_u2net,False,0.19497777777777778,0.0872606411576271,0.672011
marker,rembg_u2net,False,0.25504444444444446,0.03974863141775131,0.817679
marshmallow,rembg_u2net,False,0.3666333333333333,0.10013854503631592,0.756984
mascara,rembg_u2net,False,0.17924444444444446,0.13719432055950165,0.913712
mast,FALLBACK_ORIGINAL,True,0.5785666666666667,0.10055207461118698,1.000000
meatball,rembg_u2net,False,0.5140666666666667,0.28650960326194763,0.905921
medal,rembg_u2net,False,0.3930666666666667,0.22945775091648102,0.915707
melon,rembg_u2net,False,0.5044222222222222,0.23491141200065613,0.885126
microwave,rembg_u2net,False,0.4751444444444444,0.3196485638618469,0.754334
mixer,rembg_u2net,False,0.29885555555555554,0.11245857179164886,0.884845
moccasin,rembg_u2net,False,0.5857111111111111,0.32473233342170715,0.939034
monkey,rembg_u2net,False,0.18225555555555556,0.08792440593242645,0.858178
mud,FALLBACK_ORIGINAL,True,0.9958444444444444,0.4298091232776642,1.000000
mulch,FALLBACK_ORIGINAL,True,0.9991666666666666,0.6360957622528076,1.000000
nest,rembg_u2net,False,0.4826888888888889,0.2291475087404251,0.876359
net,rembg_u2net,False,0.34992222222222225,0.04323476180434227,0.761015
nose,FALLBACK_ORIGINAL,True,1.0,0.41824421286582947,1.000000
oatmeal,rembg_u2net,False,0.14686666666666667,0.1037062406539917,0.662432
octopus,rembg_u2net,False,0.6193222222222222,0.32753536105155945,0.892978
oil,rembg_u2net,False,0.21926666666666667,0.1307658702135086,0.833481
oilcan,rembg_u2net,False,0.1209,0.056658755987882614,0.760451
olive,rembg_u2net,False,0.19036666666666666,0.11547759175300598,0.814619
omelet,rembg_u2net,False,0.7516777777777778,0.34149986505508423,0.952309
orange,rembg_u2net,False,0.3929888888888889,0.24508504569530487,0.919808
orangutan,rembg_u2net,False,0.8988111111111111,0.2992446720600128,0.912265
orchid,rembg_u2net,False,0.3256222222222222,0.12475673109292984,0.883828
organ,rembg_u2net,False,0.47054444444444443,0.2787966728210449,0.820579
otter,rembg_u2net,False,0.4887888888888889,0.3146592974662781,0.969469
owl,rembg_u2net,False,0.5293777777777777,0.31228265166282654,0.956695
paddle,rembg_u2net,False,0.2918222222222222,0.0972980484366417,0.819259
painting,rembg_u2net,False,0.5584111111111111,0.3827251195907593,0.864144
pajamas,rembg_u2net,False,0.7187333333333333,0.5556829571723938,0.918739
palette,rembg_u2net,False,0.4195888888888889,0.21664802730083466,0.897594
pancake,rembg_u2net,False,0.6770555555555555,0.30048584938049316,0.970829
panda,rembg_u2net,False,0.44583333333333336,0.2668817937374115,0.868674
pants,rembg_u2net,False,0.29865555555555556,0.24690230190753937,0.963648
papaya,rembg_u2net,False,0.5791666666666667,0.29907530546188354,0.970674
parsley,FALLBACK_ORIGINAL,True,1.0,0.6864992380142212,1.000000
peg,rembg_u2net,False,0.5853222222222222,0.40055546164512634,0.943918
pencil,rembg_u2net,False,0.08797777777777778,0.05431691184639931,0.949571
perfume,rembg_u2net,False,0.3441111111111111,0.1827104240655899,0.929722
pesto,rembg_u2net,False,0.5236444444444445,0.2938378155231476,0.960080
pheasant,rembg_u2net,False,0.1555,0.09902406483888626,0.853520
phone,rembg_u2net,False,0.2489,0.15289883315563202,0.926896
pie,rembg_u2net,False,0.6468777777777778,0.20588277280330658,0.623584
pigeon,rembg_u2net,False,0.26903333333333335,0.12451604008674622,0.926899
pinball,rembg_u2net,False,0.2136222222222222,0.09296336024999619,0.701027
pincushion,rembg_u2net,False,0.4870777777777778,0.2743763327598572,0.835512
pineapple,rembg_u2net,False,0.2033888888888889,0.13046739995479584,0.875254
pinecone,rembg_u2net,False,0.5416888888888889,0.28232041001319885,0.918314
pinwheel,rembg_u2net,False,0.2519222222222222,0.11773567646741867,0.861484
pistachio,rembg_u2net,False,0.4185333333333333,0.11119107156991959,0.804279
pitcher,rembg_u2net,False,0.4524111111111111,0.22830449044704437,0.853544
pizza,rembg_u2net,False,0.6066555555555555,0.2528431713581085,0.893827
plug,rembg_u2net,False,0.23975555555555556,0.15681685507297516,0.890557
porthole,rembg_u2net,False,0.8480888888888889,0.3937937021255493,0.877557
poster,FALLBACK_ORIGINAL,True,0.9999666666666667,0.6051384806632996,1.000000
pot,rembg_u2net,False,0.7189555555555556,0.37497633695602417,0.902995
potato,rembg_u2net,False,0.7564222222222222,0.2411564290523529,0.838964
potpourri,rembg_u2net,False,0.09651111111111112,0.03165634348988533,0.564241
printer,FALLBACK_ORIGINAL,True,0.9999777777777777,0.5692710280418396,1.000000
prism,rembg_u2net,False,0.09284444444444444,0.04173135757446289,0.786897
prune,rembg_u2net,False,0.2653333333333333,0.23278866708278656,0.831656
puddle,rembg_u2net,False,0.3086111111111111,0.11003965884447098,0.684543
pump,rembg_u2net,False,0.2944777777777778,0.2065988928079605,0.889277
pumpkin,rembg_u2net,False,0.30924444444444443,0.14803223311901093,0.914207
quilt,FALLBACK_ORIGINAL,True,1.0,0.5338454842567444,1.000000
rabbit,rembg_u2net,False,0.26664444444444446,0.15195727348327637,0.878522
radar,rembg_u2net,False,0.5227222222222222,0.2817643880844116,0.856565
railing,FALLBACK_ORIGINAL,True,1.0,0.4027251601219177,1.000000
raisin,rembg_u2net,False,0.47815555555555556,0.37550321221351624,0.955794
reel,rembg_u2net,False,0.2700888888888889,0.136176198720932,0.680023
refrigerator,FALLBACK_ORIGINAL,True,1.0,0.2588668167591095,1.000000
reindeer,rembg_u2net,False,0.19625555555555554,0.10443557798862457,0.696480
rhinoceros,rembg_u2net,False,0.48833333333333334,0.3092361092567444,0.881289
rhubarb,rembg_u2net,False,0.17674444444444445,0.024798188358545303,0.536927
rice,rembg_u2net,False,0.9381111111111111,0.25051867961883545,0.824258
rim,FALLBACK_ORIGINAL,True,0.9899333333333333,0.6589158177375793,1.000000
rocket,FALLBACK_ORIGINAL,True,0.9700333333333333,0.48585256934165955,1.000000
rooster,rembg_u2net,False,0.3415111111111111,0.22398494184017181,0.935732
rope,rembg_u2net,False,0.5423444444444444,0.22736968100070953,0.876883
rose,rembg_u2net,False,0.5553,0.26735493540763855,0.973660
ruby,rembg_u2net,False,0.06018888888888889,0.04906647279858589,0.874148
saddle,rembg_u2net,False,0.36244444444444446,0.18702645599842072,0.755446
salami,rembg_u2net,False,0.3619888888888889,0.24134337902069092,0.895824
sandbag,rembg_u2net,False,0.39482222222222224,0.13954822719097137,0.741521
sandpaper,rembg_u2net,False,0.3121,0.18750248849391937,0.861086
satellite,FALLBACK_ORIGINAL,True,0.9999888888888889,0.3461354970932007,1.000000
sauce,rembg_u2net,False,0.4956888888888889,0.197622612118721,0.820376
sauerkraut,rembg_u2net,False,0.17084444444444444,0.08245024085044861,0.620075
scaffolding,FALLBACK_ORIGINAL,True,0.9542111111111111,0.5489069223403931,1.000000
scarf,rembg_u2net,False,0.19946666666666665,0.10167727619409561,0.835187
scoop,rembg_u2net,False,0.23575555555555555,0.11466744542121887,0.853269
screwdriver,rembg_u2net,False,0.20145555555555555,0.10940439254045486,0.872276
seagull,rembg_u2net,False,0.26015555555555553,0.13423976302146912,0.943566
seismograph,rembg_u2net,False,0.5193222222222222,0.2604422867298126,0.857325
shelf,rembg_u2net,False,0.8227444444444444,0.5420599579811096,0.930336
ship,rembg_u2net,False,0.5200222222222223,0.30623000860214233,0.888911
shorts,rembg_u2net,False,0.6088222222222223,0.3414686322212219,0.887741
shower,rembg_u2net,False,0.5675111111111111,0.22365957498550415,0.827477
showerhead,rembg_u2net,False,0.18955555555555556,0.06602034717798233,0.924723
sidecar,rembg_u2net,False,0.29714444444444443,0.16509567201137543,0.751097
silverware,rembg_u2net,False,0.7053666666666667,0.3382948040962219,0.973319
sink,rembg_u2net,False,0.6987333333333333,0.18283040821552277,0.954668
skateboard,rembg_u2net,False,0.2444111111111111,0.14405791461467743,0.905771
ski,FALLBACK_ORIGINAL,True,0.9984888888888889,0.5867451429367065,1.000000
skirt,rembg_u2net,False,0.4610222222222222,0.2646345794200897,0.903215
sloth,rembg_u2net,False,0.4321,0.27321910858154297,0.868147
snail,rembg_u2net,False,0.2722777777777778,0.1121579110622406,0.840624
snowball,rembg_u2net,False,0.23204444444444444,0.08252932131290436,0.751260
soap,rembg_u2net,False,0.4316111111111111,0.23390735685825348,0.919731
sorbet,rembg_u2net,False,0.43294444444444447,0.30214473605155945,0.681316
soup,rembg_u2net,False,0.3764777777777778,0.16386163234710693,0.842708
sparkler,rembg_u2net,False,0.19523333333333334,0.06757035851478577,0.744353
spatula,rembg_u2net,False,0.09204444444444444,0.023002227768301964,0.818484
sprinkler,FALLBACK_ORIGINAL,True,0.9999888888888889,0.5038540363311768,1.000000
squash,rembg_u2net,False,0.3405444444444444,0.0822749212384224,0.706608
squirrel,rembg_u2net,False,0.32416666666666666,0.19783565402030945,0.872487
stair,rembg_u2net,False,0.6808111111111111,0.3762245774269104,0.826220
statue,rembg_u2net,False,0.5882111111111111,0.24898016452789307,0.937354
stem,rembg_u2net,False,0.25626666666666664,0.15704640746116638,0.732983
stew,rembg_u2net,False,0.31156666666666666,0.20540419220924377,0.856857
strawberry,rembg_u2net,False,0.36706666666666665,0.2526859641075134,0.933861
stretcher,rembg_u2net,False,0.1109,0.06810382753610611,0.721952
stroller,rembg_u2net,False,0.3028,0.19242551922798157,0.957288
stump,rembg_u2net,False,0.27545555555555556,0.18249717354774475,0.742450
submarine,rembg_u2net,False,0.17705555555555555,0.11075878888368607,0.743457
subway,rembg_u2net,False,0.13291111111111112,0.09309542924165726,0.747221
suit,rembg_u2net,False,0.4424888888888889,0.27354153990745544,0.934405
suitcase,rembg_u2net,False,0.3524555555555556,0.22145874798297882,0.817922
sunflower,rembg_u2net,False,0.5814222222222222,0.36384493112564087,0.949435
sunglasses,rembg_u2net,False,0.17074444444444445,0.12219421565532684,0.752592
sunroof,rembg_u2net,False,0.13186666666666666,0.09134311974048615,0.806980
sushi,rembg_u2net,False,0.25535555555555556,0.13609525561332703,0.867376
swan,rembg_u2net,False,0.39447777777777776,0.10498914122581482,0.870832
sweater,rembg_u2net,False,0.2544111111111111,0.17706982791423798,0.912333
swordfish,rembg_u2net,False,0.12961111111111112,0.09231305122375488,0.743886
tab,rembg_u2net,False,0.5031111111111111,0.32037153840065,0.708653
tablecloth,rembg_u2net,False,0.6184333333333333,0.14885810017585754,0.599230
taco,rembg_u2net,False,0.5566222222222222,0.3012969493865967,0.954967
tadpole,FALLBACK_ORIGINAL,True,1.0,0.5894909501075745,1.000000
taillight,rembg_u2net,False,0.3787333333333333,0.22194062173366547,0.853269
tamale,rembg_u2net,False,0.7887333333333333,0.3948020935058594,0.935711
tape,rembg_u2net,False,0.31575555555555557,0.14204728603363037,0.916943
tapestry,rembg_u2net,False,0.16562222222222223,0.03953157737851143,0.593165
target,rembg_u2net,False,0.15332222222222222,0.0552934966981411,0.766281
tea,rembg_u2net,False,0.5845111111111111,0.332352876663208,0.871727
teabag,rembg_u2net,False,0.20393333333333333,0.0899142324924469,0.829033
teacup,rembg_u2net,False,0.2711777777777778,0.08628547936677933,0.924002
teapot,rembg_u2net,False,0.4880333333333333,0.29340654611587524,0.892907
tee,FALLBACK_ORIGINAL,True,0.9999777777777777,0.6997620463371277,1.000000
telescope,rembg_u2net,False,0.3433777777777778,0.2101769745349884,0.811565
thermos,rembg_u2net,False,0.18827777777777777,0.1288641095161438,0.766958
thermostat,rembg_u2net,False,0.5093555555555556,0.19023919105529785,0.919996
tiara,rembg_u2net,False,0.4406333333333333,0.26256120204925537,0.915961
toe,rembg_u2net,False,0.48827777777777776,0.2422623634338379,0.965942
toilet,rembg_u2net,False,0.3834222222222222,0.09956298023462296,0.861664
toothpick,rembg_u2net,False,0.3232888888888889,0.15732795000076294,0.882188
tractor,rembg_u2net,False,0.3962,0.2617928683757782,0.887378
trampoline,rembg_u2net,False,0.5495111111111111,0.3868519961833954,0.898411
treasure,rembg_u2net,False,0.45168888888888886,0.10782460123300552,0.651453
tripod,rembg_u2net,False,0.09514444444444445,0.06882209330797195,0.853107
trolley,rembg_u2net,False,0.5115,0.3361835181713104,0.864410
trophy,rembg_u2net,False,0.1635111111111111,0.0951656773686409,0.817709
trough,rembg_u2net,False,0.30904444444444445,0.18051651120185852,0.723200
trumpet,rembg_u2net,False,0.4700111111111111,0.23000790178775787,0.903800
trunk,rembg_u2net,False,0.5902888888888889,0.4404447078704834,0.907784
tuba,rembg_u2net,False,0.18287777777777778,0.08924870193004608,0.742205
tulip,rembg_u2net,False,0.48107777777777777,0.10754185169935226,0.841619
tumbleweed,rembg_u2net,False,0.2607,0.16993515193462372,0.738502
turbine,rembg_u2net,False,0.7648,0.4529082179069519,0.914613
turkey,rembg_u2net,False,0.34434444444444445,0.19487792253494263,0.847014
turnstile,rembg_u2net,False,0.4159333333333333,0.27151501178741455,0.823999
turntable,rembg_u2net,False,0.6890111111111111,0.41686493158340454,0.790887
turtle,rembg_u2net,False,0.3237333333333333,0.20584405958652496,0.832474
tuxedo,rembg_u2net,False,0.7305222222222222,0.6036899089813232,0.901204
typewriter,rembg_u2net,False,0.6582444444444444,0.470272958278656,0.975598
umbrella,rembg_u2net,False,0.4045222222222222,0.16759935021400452,0.811363
valve,rembg_u2net,False,0.3567,0.26879385113716125,0.882150
vase,rembg_u2net,False,0.4152666666666667,0.298422634601593,0.926175
vegetable,rembg_u2net,False,0.2230888888888889,0.1340252161026001,0.854792
veil,rembg_u2net,False,0.3146555555555556,0.11132465302944183,0.832727
vest,rembg_u2net,False,0.5878222222222222,0.23445236682891846,0.944959
violin,rembg_u2net,False,0.17877777777777779,0.13137070834636688,0.949231
visor,rembg_u2net,False,0.32687777777777777,0.2031216323375702,0.899218
volleyball,rembg_u2net,False,0.3318,0.20470549166202545,0.914772
warthog,rembg_u2net,False,0.5336,0.30018311738967896,0.923673
watermelon,rembg_u2net,False,0.17904444444444445,0.06496160477399826,0.895256
waterwheel,rembg_u2net,False,0.2769333333333333,0.21521662175655365,0.674362
windshield,rembg_u2net,False,0.7005444444444444,0.18766875565052032,0.710141
wolf,rembg_u2net,False,0.3608222222222222,0.16382025182247162,0.875988
worm,rembg_u2net,False,0.11961111111111111,0.051131900399923325,0.798008
wreath,rembg_u2net,False,0.24473333333333333,0.1431276649236679,0.664252
yacht,rembg_u2net,False,0.2879555555555556,0.14458408951759338,0.881651
zucchini,rembg_u2net,False,0.23646666666666666,0.16559089720249176,0.866121
